site,date,treat,plant,leafnum,vol.ml,notes,wyeo.1mm,wyeo.2mm,wyeo.3mm,wyeo.4mm,wyeo.5mm,wyeo.6mm,wyeo.pup,met.05mm,met.1mm,met.2mm,met.3mm,met.4mm,met.5mm,met.6mm,met.pup,flet.2mm,flet.3mm,flet.4mm,flet.5mm,flet.6mm,flet.7mm,flet.8mm,flet.10mm,flet.12mm,flet.14mm,sarraceniopus,hab.per05ml,protists,headcaps
Hawley,20000613,4,48,1,0,,0,0,0,0,0,0,0,0,0,0,0,0,0,0,0,0,0,0,0,0,0,0,0,0,0,0,0,0,0
Hawley,20000613,1,49,1,0,,,,,,,,,,,,,,,,,,,,,,,,,,,,,,
Hawley,20000613,1,45,1,0,,,,,,,,,,,,,,,,,,,,,,,,,,,,,,
Hawley,20000613,4,80,1,8,,0,0,0,0,0,0,0,0,0,0,0,0,0,0,0,0,0,0,0,0,0,0,0,0,0,0,0,0,0
Hawley,20000613,4,52,1,1.5,,0,0,0,0,0,0,0,0,0,0,0,0,0,0,0,0,0,0,0,0,0,0,0,0,0,0,0,0,0
Hawley,20000613,1,53,1,1,,0,0,0,0,0,0,0,0,0,0,0,0,0,0,0,0,0,0,0,0,0,0,0,0,0,0,0,0,0
Hawley,20000613,4,44,1,0,,,,,,,,,,,,,,,,,,,,,,,,,,,,,,
Hawley,20000613,4,20,1,0,,,,,,,,,,,,,,,,,,,,,,,,,,,,,,
Hawley,20000613,4,16,1,0,,,,,,,,,,,,,,,,,,,,,,,,,,,,,,
Hawley,20000613,1,13,1,9,,0,0,0,0,0,0,0,0,0,0,0,0,0,0,0,0,0,0,0,0,0,0,0,0,0,0,1,0,0
Hawley,20000613,1,77,1,0,,,,,,,,,,,,,,,,,,,,,,,,,,,,,,
Hawley,20000613,4,4,1,0,,,,,,,,,,,,,,,,,,,,,,,,,,,,,,
Hawley,20000613,4,12,1,2,,0,0,0,0,0,0,0,0,0,0,0,0,0,0,0,0,0,0,0,0,0,0,0,0,0,1,0,0,0
Hawley,20000613,1,9,1,2,,0,0,0,0,0,0,0,0,0,0,0,0,0,0,0,0,0,0,0,0,0,0,0,0,0,1,0,0,0
Hawley,20000613,1,5,1,1.5,,0,0,0,0,0,0,0,0,0,0,0,0,0,0,0,0,0,0,0,0,0,0,0,0,0,0,0,0,0
Hawley,20000613,1,1,1,0,,,,,,,,,,,,,,,,,,,,,,,,,,,,,,
Hawley,20000613,1,57,1,0,,,,,,,,,,,,,,,,,,,,,,,,,,,,,,
Hawley,20000613,4,36,1,0,,,,,,,,,,,,,,,,,,,,,,,,,,,,,,
Hawley,20000613,4,60,1,0,,,,,,,,,,,,,,,,,,,,,,,,,,,,,,
Hawley,20000613,1,41,1,0,,,,,,,,,,,,,,,,,,,,,,,,,,,,,,
Hawley,20000613,4,76,1,0,,,,,,,,,,,,,,,,,,,,,,,,,,,,,,
Hawley,20000613,1,37,1,0,,,,,,,,,,,,,,,,,,,,,,,,,,,,,,
Hawley,20000613,4,72,1,0,,,,,,,,,,,,,,,,,,,,,,,,,,,,,,
Hawley,20000613,1,69,1,0,,,,,,,,,,,,,,,,,,,,,,,,,,,,,,
Hawley,20000613,1,17,1,0,,,,,,,,,,,,,,,,,,,,,,,,,,,,,,
Hawley,20000613,1,33,1,4.5,,0,0,0,0,0,0,0,0,0,0,0,0,0,0,0,0,0,0,0,0,0,0,0,0,0,0,0,0,0
Hawley,20000613,4,32,1,8,,0,0,0,0,0,0,0,0,0,0,0,0,0,0,0,0,0,0,0,0,0,0,0,0,0,1,0,0,0
Hawley,20000613,4,32,2,0,,,,,,,,,,,,,,,,,,,,,,,,,,,,,,
Hawley,20000613,4,8,1,0,,,,,,,,,,,,,,,,,,,,,,,,,,,,,,
Hawley,20000613,1,65,1,0,,,,,,,,,,,,,,,,,,,,,,,,,,,,,,
Hawley,20000613,1,29,1,5,,0,0,0,0,0,0,0,0,0,0,0,0,0,0,0,0,0,0,0,0,0,0,0,0,0,0,0,0,0
Hawley,20000613,4,40,1,7,,0,0,0,0,0,0,0,0,0,0,0,0,0,0,0,0,0,0,0,0,0,0,0,0,0,0,0,0,0
Hawley,20000613,4,64,1,7,,0,0,0,0,0,0,0,0,0,0,0,1,0,0,0,0,0,0,0,0,0,0,0,0,0,2,1,0,0
Hawley,20000613,1,73,1,0,,,,,,,,,,,,,,,,,,,,,,,,,,,,,,
Hawley,20000613,4,56,1,0,,,,,,,,,,,,,,,,,,,,,,,,,,,,,,
Hawley,20000613,4,28,1,0,,,,,,,,,,,,,,,,,,,,,,,,,,,,,,
Hawley,20000613,1,25,1,0,,,,,,,,,,,,,,,,,,,,,,,,,,,,,,
Hawley,20000613,4,68,1,1,,0,0,0,0,0,0,0,0,0,0,0,0,0,0,0,0,0,0,0,0,0,0,0,0,0,2,5,0,0
Hawley,20000613,1,61,1,0,,,,,,,,,,,,,,,,,,,,,,,,,,,,,,
Hawley,20000613,1,21,1,0,,,,,,,,,,,,,,,,,,,,,,,,,,,,,,
Hawley,20000613,4,24,1,0,,,,,,,,,,,,,,,,,,,,,,,,,,,,,,
Hawley,20000620,4,48,1,1.5,,0,0,0,0,0,0,0,0,0,0,0,0,0,0,0,0,0,0,0,0,0,0,0,0,0,0,0,0,0
Hawley,20000620,1,49,1,2,,0,0,0,0,0,0,0,0,0,0,0,0,0,0,0,0,0,0,0,0,0,0,0,0,0,0,0,0,0
Hawley,20000620,1,45,1,2.5,,0,0,0,0,0,0,0,0,0,0,0,0,0,0,0,0,0,2,0,0,0,0,0,0,0,0,0,0,0
Hawley,20000620,4,80,1,15,,0,0,0,0,0,0,0,0,0,0,0,0,5,0,0,0,0,1,0,0,0,0,0,0,0,0,1,0,0
Hawley,20000620,4,52,1,7.5,,0,0,0,0,0,0,0,0,0,0,0,0,3,0,0,0,0,1,0,0,0,0,0,0,0,0,0,0,2
Hawley,20000620,1,53,1,7,,0,0,0,0,0,0,0,0,0,0,0,0,1,0,0,0,0,0,0,0,0,0,0,0,0,0,0,0,0
Hawley,20000620,4,44,1,0,,,,,,,,,,,,,,,,,,,,,,,,,,,,,,
Hawley,20000620,4,20,1,0,,,,,,,,,,,,,,,,,,,,,,,,,,,,,,
Hawley,20000620,4,16,1,3,,0,0,0,0,0,0,0,0,0,0,0,0,1,0,0,0,0,0,0,0,0,0,0,0,0,0,0,0,0
Hawley,20000620,1,13,1,19,,0,0,0,0,0,0,0,0,0,8,0,0,1,0,0,0,0,0,0,1,0,0,0,0,0,0,0,0,0
Hawley,20000620,1,77,1,0,,,,,,,,,,,,,,,,,,,,,,,,,,,,,,
Hawley,20000620,4,4,1,0,,,,,,,,,,,,,,,,,,,,,,,,,,,,,,
Hawley,20000620,4,12,1,8,,0,0,0,0,0,0,0,0,0,2,0,0,0,0,0,0,0,0,0,0,0,0,0,0,0,0,0,0,0
Hawley,20000620,1,9,1,6.5,,0,0,0,0,0,0,0,0,0,0,0,0,0,0,0,0,0,0,0,0,0,0,0,0,0,0,1,0,0
Hawley,20000620,1,5,1,7.5,,0,0,0,0,0,0,0,0,0,0,0,0,1,0,0,0,0,0,0,0,0,0,0,0,0,0,1,0,0
Hawley,20000620,1,1,1,5,,0,0,0,0,0,0,0,0,0,0,0,0,3,0,0,0,0,0,0,1,0,0,0,0,0,0,0,0,0
Hawley,20000620,1,57,1,,dead,,,,,,,,,,,,,,,,,,,,,,,,,,,,,
Hawley,20000620,4,36,1,0,,,,,,,,,,,,,,,,,,,,,,,,,,,,,,
Hawley,20000620,4,60,1,0,,,,,,,,,,,,,,,,,,,,,,,,,,,,,,
Hawley,20000620,1,41,1,0,,,,,,,,,,,,,,,,,,,,,,,,,,,,,,
Hawley,20000620,4,76,1,0,,,,,,,,,,,,,,,,,,,,,,,,,,,,,,
Hawley,20000620,1,37,1,0,,,,,,,,,,,,,,,,,,,,,,,,,,,,,,
Hawley,20000620,4,72,1,0,,,,,,,,,,,,,,,,,,,,,,,,,,,,,,
Hawley,20000620,1,69,1,2,,0,0,0,0,0,0,0,0,0,0,0,0,0,0,0,0,0,1,0,0,0,0,0,0,0,0,1,0,0
Hawley,20000620,1,17,1,0,,,,,,,,,,,,,,,,,,,,,,,,,,,,,,
Hawley,20000620,1,33,1,20,,0,1,0,0,0,0,0,0,0,4,0,0,0,0,0,0,0,0,0,0,0,0,0,0,0,0,0,0,0
Hawley,20000620,4,32,1,17,,0,0,0,0,0,0,0,0,0,1,0,0,2,0,0,0,0,0,0,0,0,0,0,0,0,0,0,0,2
Hawley,20000620,4,32,2,7,,0,0,0,0,0,0,0,0,0,0,0,0,1,0,0,0,0,0,0,0,0,0,0,0,0,0,0,0,1
Hawley,20000620,4,8,1,8,,0,0,0,0,0,0,0,0,0,0,0,0,1,0,0,0,0,0,0,0,0,0,1,0,0,0,0,0,0
Hawley,20000620,1,65,1,7,,0,0,0,0,0,0,0,0,0,0,0,0,0,0,0,0,0,0,0,0,0,0,0,0,0,0,0,0,0
Hawley,20000620,1,29,1,7,,0,0,0,0,0,0,0,0,0,1,0,0,5,0,0,0,0,0,0,0,0,0,0,0,0,0,6,0,0
Hawley,20000620,4,40,1,7,,0,0,0,0,0,0,0,0,0,3,0,0,0,0,0,0,0,0,0,0,0,0,0,0,0,0,0,0,0
Hawley,20000620,4,64,1,7,,0,0,0,0,0,0,0,0,0,3,0,0,2,0,0,0,0,0,0,0,0,0,0,0,0,0,2,0,0
Hawley,20000620,1,73,1,5,,0,0,0,0,0,0,0,0,0,0,0,0,1,0,0,0,0,0,0,0,0,0,0,0,0,1,1,0,3
Hawley,20000620,4,56,1,0,,,,,,,,,,,,,,,,,,,,,,,,,,,,,,
Hawley,20000620,4,28,1,0,,,,,,,,,,,,,,,,,,,,,,,,,,,,,,
Hawley,20000620,1,25,1,2.5,,0,0,0,0,0,0,0,0,0,0,0,0,3,0,0,0,0,0,0,0,0,0,0,0,0,0,0,0,0
Hawley,20000620,4,68,1,2.5,,0,0,0,0,0,0,0,0,0,0,0,0,0,0,0,0,0,0,0,0,0,0,0,0,0,5,2,250,1
Hawley,20000620,1,61,1,0,,,,,,,,,,,,,,,,,,,,,,,,,,,,,,
Hawley,20000620,1,21,1,1,,0,0,0,0,0,0,0,0,0,0,0,0,1,0,0,0,0,0,0,0,0,0,0,0,0,0,0,100,0
Hawley,20000620,4,24,1,0,,,,,,,,,,,,,,,,,,,,,,,,,,,,,,
Hawley,20000626,4,48,1,5,,0,0,0,0,0,0,0,0,0,0,2,0,0,0,0,0,0,0,0,0,0,0,0,0,0,0,0,0,1
Hawley,20000626,1,49,1,1.5,,0,0,0,0,0,0,0,0,0,0,0,0,0,0,0,0,0,0,0,0,0,0,0,0,0,0,4,50,0
Hawley,20000626,1,45,1,5,,0,0,0,0,0,0,0,0,0,0,0,0,0,0,0,0,0,0,0,0,0,0,1,0,0,0,7,100,1
Hawley,20000626,4,80,1,14,,0,0,0,0,0,0,0,0,0,1,0,3,0,0,0,0,0,0,0,0,0,0,0,0,0,0,7,100,3
Hawley,20000626,4,52,1,11,,0,0,0,0,0,0,0,0,0,3,0,0,0,3,0,0,0,0,0,1,0,0,0,0,0,0,6,20,1
Hawley,20000626,1,53,1,10,,0,0,0,0,0,0,0,0,0,0,0,0,0,0,0,0,0,0,0,0,0,0,0,0,0,0,0,0,3
Hawley,20000626,4,44,1,0,,,,,,,,,,,,,,,,,,,,,,,,,,,,,,
Hawley,20000626,4,20,1,0,,,,,,,,,,,,,,,,,,,,,,,,,,,,,,
Hawley,20000626,4,20,2,0,,,,,,,,,,,,,,,,,,,,,,,,,,,,,,
Hawley,20000626,4,16,1,5,,0,0,0,0,0,0,0,0,0,0,0,1,0,0,0,0,0,0,0,0,0,0,2,0,0,0,0,1500,1
Hawley,20000626,1,13,1,20,,0,0,0,0,0,0,0,0,0,18,0,4,0,4,0,0,0,0,0,0,0,0,1,0,0,0,16,500,6
Hawley,20000626,1,77,1,2,,0,0,0,0,0,0,0,0,0,0,1,0,0,0,0,0,0,0,0,0,0,0,0,0,0,0,6,400,0
Hawley,20000626,4,4,1,0,,,,,,,,,,,,,,,,,,,,,,,,,,,,,,
Hawley,20000626,4,12,1,10,,0,0,0,0,0,0,0,0,0,4,1,0,0,1,0,0,0,0,0,0,0,0,0,0,0,0,52,0,1
Hawley,20000626,1,9,1,6,,0,0,0,0,0,0,0,0,0,0,0,1,0,0,0,0,0,0,0,0,0,0,0,0,0,0,22,0,1
Hawley,20000626,1,5,1,7,,0,0,0,0,0,0,0,0,0,0,0,3,0,0,0,0,0,0,0,0,0,0,0,0,0,0,1,0,0
Hawley,20000626,1,1,1,11,,0,0,0,0,0,0,0,0,0,0,0,0,0,2,0,0,0,0,0,0,0,0,1,0,0,0,0,0,0
Hawley,20000626,1,57,1,0,,,,,,,,,,,,,,,,,,,,,,,,,,,,,,
Hawley,20000626,4,36,1,0,,,,,,,,,,,,,,,,,,,,,,,,,,,,,,
Hawley,20000626,4,60,1,0,,,,,,,,,,,,,,,,,,,,,,,,,,,,,,
Hawley,20000626,1,41,1,0,,,,,,,,,,,,,,,,,,,,,,,,,,,,,,
Hawley,20000626,4,76,1,0,,,,,,,,,,,,,,,,,,,,,,,,,,,,,,
Hawley,20000626,1,37,1,7.5,,0,0,0,0,0,0,0,0,0,0,2,0,0,0,0,0,0,1,0,0,0,0,0,0,0,1,0,10,0
Hawley,20000626,4,72,1,0,,,,,,,,,,,,,,,,,,,,,,,,,,,,,,
Hawley,20000626,4,72,2,0,,,,,,,,,,,,,,,,,,,,,,,,,,,,,,
Hawley,20000626,1,69,1,7,,0,0,0,0,0,0,0,0,0,0,0,4,0,0,0,0,0,0,0,0,0,0,0,0,0,0,10,0,0
Hawley,20000626,1,17,1,2.5,,0,0,0,0,0,0,0,0,0,0,0,1,0,0,0,0,0,0,0,0,0,0,0,0,0,0,2,0,1
Hawley,20000626,1,33,1,24,,0,1,1,0,0,0,0,0,0,0,5,0,0,3,0,0,0,0,0,0,0,0,0,0,0,2,0,0,2
Hawley,20000626,4,32,1,22,,0,0,0,1,0,0,0,0,0,0,0,2,0,0,0,0,0,0,0,1,0,0,0,0,0,0,4,0,3
Hawley,20000626,4,32,2,10,,0,0,0,0,0,0,0,0,0,0,0,3,0,0,0,0,0,0,0,0,0,0,0,0,0,0,1,400,0
Hawley,20000626,4,8,1,10,,0,0,0,0,0,0,0,0,0,0,0,0,0,0,0,0,0,0,0,0,0,0,1,0,0,0,0,30,0
Hawley,20000626,4,8,2,0,,,,,,,,,,,,,,,,,,,,,,,,,,,,,,
Hawley,20000626,1,65,1,10,,0,1,0,0,0,0,0,0,0,0,0,0,0,0,0,0,0,0,0,0,0,0,1,0,0,1,0,600,16
Hawley,20000626,1,29,1,5,,0,0,0,0,0,0,0,0,0,0,0,4,0,0,0,0,0,0,0,1,0,0,0,0,0,0,114,0,0
Hawley,20000626,4,40,1,3,,0,0,0,0,0,0,0,0,0,0,4,0,0,0,0,0,0,0,0,0,0,0,0,0,0,1,6,0,0
Hawley,20000626,4,64,1,7.5,,0,0,0,0,0,0,0,0,0,2,6,2,0,0,0,0,0,0,0,0,0,0,0,0,0,0,18,400,0
Hawley,20000626,1,73,1,5,,0,0,0,0,0,0,0,0,0,0,1,0,0,0,0,0,0,0,0,0,0,0,0,0,0,0,28,0,0
Hawley,20000626,4,56,1,5,,0,0,0,0,0,0,0,0,0,0,0,0,0,0,0,0,0,0,0,0,0,0,0,0,0,1,6,0,0
Hawley,20000626,4,28,1,5,,0,1,0,0,0,0,0,0,0,0,0,2,0,0,0,0,0,0,0,1,0,0,0,0,0,0,3,0,1
Hawley,20000626,4,28,2,0,,,,,,,,,,,,,,,,,,,,,,,,,,,,,,
Hawley,20000626,1,25,1,7,,0,0,0,0,0,0,0,0,0,3,0,2,0,0,0,0,0,0,0,0,0,0,1,0,0,1,11,0,1
Hawley,20000626,4,68,1,3.5,,0,0,0,0,0,0,0,0,0,2,0,0,0,0,0,0,0,0,0,0,0,0,0,0,0,0,25,0,1
Hawley,20000626,4,68,2,1,,0,0,0,0,0,0,0,0,0,0,0,1,0,0,0,0,0,0,0,0,0,0,0,0,0,0,10,0,0
Hawley,20000626,1,61,1,1.5,,0,0,0,0,0,0,0,0,0,0,0,0,0,0,0,0,0,0,0,0,0,0,0,0,0,0,0,0,0
Hawley,20000626,1,21,1,5,,0,0,0,0,0,0,0,0,0,0,0,1,0,0,0,0,0,0,0,1,0,0,0,0,0,0,4,100,2
Hawley,20000626,4,24,1,2.5,,0,0,0,0,0,0,0,0,0,0,0,0,0,0,0,0,0,0,0,0,0,0,0,0,0,0,12,40,0
Hawley,20000704,4,48,1,6,,0,1,0,0,0,0,0,0,0,0,0,1,0,1,0,0,0,0,0,0,0,0,0,0,0,2,5,0,16
Hawley,20000704,1,49,1,1.5,,0,0,1,0,1,0,0,0,0,0,0,1,0,1,0,0,0,0,0,1,0,0,0,0,0,0,1,0,9
Hawley,20000704,2,6,1,2.5,,0,0,0,0,0,0,0,0,0,0,0,0,0,0,0,0,0,0,0,0,0,0,0,0,0,0,1,0,0
Hawley,20000704,1,45,1,1.5,,0,0,0,0,0,0,0,0,0,1,0,1,0,0,0,0,0,0,0,0,0,0,0,0,0,3,9,0,0
Hawley,20000704,2,18,1,18,,0,0,0,0,0,0,0,0,0,3,0,2,0,0,0,0,0,0,0,0,0,0,0,0,0,0,2,0,0
Hawley,20000704,4,80,1,14,,0,0,0,0,0,0,0,0,0,0,0,0,0,0,0,0,0,0,0,0,0,0,0,0,14,0,1,0,9
Hawley,20000704,4,80,2,5,,0,0,0,0,0,0,0,0,0,4,0,0,0,0,0,0,0,0,0,1,0,0,0,0,0,0,2,0,7
Hawley,20000704,4,52,1,10,,1,1,0,0,0,0,0,0,0,3,0,1,0,1,0,0,0,0,0,0,0,0,0,0,0,0,21,0,0
Hawley,20000704,2,74,1,6,,0,0,0,0,0,0,0,0,0,0,0,1,0,0,0,0,0,0,0,0,0,0,0,0,0,0,1,0,0
Hawley,20000704,1,53,1,10,,0,0,0,0,0,0,0,0,0,0,0,0,0,0,0,0,0,0,0,0,0,0,0,0,0,0,0,50,0
Hawley,20000704,4,44,1,,0 new leaf,,,,,,,,,,,,,,,,,,,,,,,,,,,,,
Hawley,20000704,4,20,1,0,0 damaged,,,,,,,,,,,,,,,,,,,,,,,,,,,,,
Hawley,20000704,4,20,2,1.5,,0,0,0,0,0,0,0,0,0,0,0,1,0,0,0,0,0,0,0,0,0,0,0,0,0,0,1,100,0
Hawley,20000704,2,78,1,0.5,,0,0,0,0,0,0,0,0,0,0,0,0,0,0,0,0,0,0,0,0,0,0,0,0,0,0,0,200,0
Hawley,20000704,1,1,1,0.2,,1,1,0,0,0,0,0,0,0,0,0,4,0,5,0,0,0,0,0,0,0,0,0,0,0,0,5,0,0
Hawley,20000704,4,16,1,2.5,,0,0,0,0,0,0,0,0,0,5,0,7,0,0,0,0,0,0,0,0,0,0,0,0,0,0,0,10000,6
Hawley,20000704,4,16,2,4,,0,0,0,0,1,0,0,0,0,2,0,4,0,2,0,0,0,0,0,0,0,0,0,0,0,0,1,10000,4
Hawley,20000704,1,13,1,2.5,,11,0,0,0,0,0,0,0,0,0,0,0,0,2,0,0,0,1,0,0,0,0,0,0,0,0,0,0,0
Hawley,20000704,1,77,1,1,,2,0,0,0,0,0,0,0,0,0,0,0,0,0,0,0,0,0,0,0,0,0,0,0,0,0,1,0,0
Hawley,20000704,4,12,1,8,,0,1,0,0,0,0,0,0,0,1,0,1,0,0,0,0,0,0,0,0,0,0,0,0,0,0,22,0,0
Hawley,20000704,4,4,1,0,,,,,,,,,,,,,,,,,,,,,,,,,,,,,,
Hawley,20000704,2,54,1,13,,0,0,0,0,0,0,0,0,0,0,0,2,0,1,0,0,0,0,0,0,0,0,0,0,0,0,4,0,0
Hawley,20000704,2,10,1,7,,0,0,0,0,0,0,0,0,0,2,0,0,0,2,0,0,0,0,0,0,0,0,0,0,0,0,4,0,0
Hawley,20000704,1,9,1,5,,0,0,0,0,0,0,0,0,0,0,0,2,0,0,0,0,0,0,0,0,0,0,0,0,0,0,37,0,3
Hawley,20000704,1,5,1,5,,0,0,1,0,0,0,0,0,0,11,0,4,0,0,0,0,0,0,0,0,0,0,0,0,0,0,6,0,2
Hawley,20000704,2,58,1,1,,0,1,0,0,0,0,0,0,0,3,0,0,0,0,0,0,0,0,0,0,0,0,0,0,0,0,122,0,0
Hawley,20000704,1,57,1,0,0 damaged,,,,,,,,,,,,,,,,,,,,,,,,,,,,,
Hawley,20000704,2,2,1,11,,0,0,0,0,0,0,0,0,0,2,0,1,0,0,0,0,0,0,0,0,0,0,0,0,0,0,8,0,0
Hawley,20000704,4,36,1,,0 new leaf,,,,,,,,,,,,,,,,,,,,,,,,,,,,,
Hawley,20000704,2,42,1,1,,0,0,0,0,0,0,0,0,0,0,0,0,0,0,0,0,0,0,0,0,0,0,0,0,0,0,6,0,0
Hawley,20000704,1,41,,,no new leaf,,,,,,,,,,,,,,,,,,,,,,,,,,,,,
Hawley,20000704,4,60,1,0,0 new open,0,0,0,0,0,0,0,0,0,0,0,0,0,0,0,0,0,0,0,0,0,0,0,0,0,0,0,0,0
Hawley,20000704,2,38,1,2,,0,1,0,0,0,0,0,0,0,2,0,0,0,0,0,0,0,0,0,0,0,0,0,0,0,0,14,0,0
Hawley,20000704,4,76,1,0,,,,,,,,,,,,,,,,,,,,,,,,,,,,,,
Hawley,20000704,2,70,1,2,,0,0,0,0,0,0,0,0,0,0,0,2,0,0,0,0,0,0,0,0,0,0,0,0,0,0,20,0,0
Hawley,20000704,1,69,1,4.5,,0,0,0,0,0,0,0,0,0,1,0,4,0,0,0,0,0,0,0,0,0,0,0,0,0,0,33,0,0
Hawley,20000704,4,72,1,0,,,,,,,,,,,,,,,,,,,,,,,,,,,,,,
Hawley,20000704,2,30,1,7.5,,0,0,0,0,0,0,0,0,0,0,0,4,0,1,0,0,0,0,0,0,0,0,0,0,0,0,5,0,0
Hawley,20000704,1,33,1,20,,0,0,0,0,1,0,0,0,0,1,0,2,0,1,0,0,0,0,0,0,0,0,0,0,0,0,1,0,1
Hawley,20000704,4,32,1,15,,0,0,0,0,0,0,0,0,0,0,0,2,0,1,0,0,0,0,0,0,0,0,0,0,0,0,1,0,0
Hawley,20000704,4,32,2,7.5,,0,0,0,0,0,0,0,0,0,1,0,0,0,2,0,0,0,0,0,0,0,1,0,0,0,0,2,0,0
Hawley,20000704,1,17,1,8,,0,0,0,0,0,0,0,0,0,1,0,0,0,4,0,0,0,0,0,0,0,1,0,0,0,0,2,0,6
Hawley,20000704,1,65,1,7.5,,0,0,0,0,1,0,0,0,0,1,0,4,0,0,0,0,0,0,0,0,0,0,0,0,1,1,1,0,12
Hawley,20000704,1,29,1,4,,0,0,0,0,0,0,0,0,0,0,0,2,0,1,0,0,0,0,0,1,0,0,0,0,0,5,8,0,2
Hawley,20000704,4,64,1,6,,0,0,0,0,0,0,0,0,0,0,0,3,0,0,0,0,0,0,0,0,0,0,0,0,0,0,3,0,0
Hawley,20000704,4,64,2,0,,,,,,,,,,,,,,,,,,,,,,,,,,,,,,
Hawley,20000704,4,40,1,0,,,,,,,,,,,,,,,,,,,,,,,,,,,,,,
Hawley,20000704,2,14,1,0,,,,,,,,,,,,,,,,,,,,,,,,,,,,,,
Hawley,20000704,2,66,1,1,,0,0,0,0,0,0,0,0,0,0,0,0,0,0,0,0,0,0,0,0,0,0,0,0,0,0,10,0,0
Hawley,20000704,4,8,1,7,,0,0,0,0,0,0,0,0,0,0,0,1,0,0,0,0,0,0,0,0,0,0,0,0,0,3,10,0,1
Hawley,20000704,4,8,2,1.5,,0,0,0,0,0,0,0,0,0,0,0,0,0,0,0,0,0,0,0,0,0,0,0,0,1,0,1,20,0
Hawley,20000704,1,73,1,2.5,,0,0,0,0,0,0,0,0,0,1,0,1,0,0,0,0,0,0,0,0,0,0,0,0,0,4,22,0,1
Hawley,20000704,2,62,1,2.5,,0,0,0,0,0,0,0,0,0,1,0,0,0,0,0,0,0,0,0,0,0,0,0,0,0,0,18,0,0
Hawley,20000704,4,56,1,2,,1,0,0,0,0,0,0,0,0,3,0,0,0,0,0,0,0,0,0,0,0,0,0,0,0,1,24,500,0
Hawley,20000704,4,56,2,1.5,,0,0,0,0,0,0,0,0,0,0,0,0,0,0,0,0,0,0,0,0,0,0,0,0,0,0,13,100,0
Hawley,20000704,4,28,1,2,,0,0,0,0,0,0,0,0,0,1,0,0,0,1,0,0,0,0,0,0,0,0,0,0,0,0,8,100,0
Hawley,20000704,4,28,2,1,,0,0,0,0,0,0,0,0,0,0,0,0,0,0,0,0,0,0,0,0,0,0,0,0,0,0,27,0,0
Hawley,20000704,1,25,1,2,,0,0,0,0,0,0,0,0,0,1,0,0,0,0,0,0,0,0,0,0,0,0,0,0,0,0,10,0,0
Hawley,20000704,4,68,1,2,,0,0,0,0,0,0,0,0,0,1,0,0,0,0,0,0,0,0,0,0,0,0,0,0,0,1,49,100,9
Hawley,20000704,4,68,2,1,,0,0,0,0,0,0,0,0,0,0,0,0,0,0,0,0,0,0,0,0,0,0,0,0,0,0,11,100,0
Hawley,20000704,4,24,1,4,,0,0,0,0,0,0,0,0,0,0,0,1,0,0,0,0,0,0,0,0,0,0,0,0,0,0,21,100,0
Hawley,20000704,4,24,2,0,,,,,,,,,,,,,,,,,,,,,,,,,,,,,,
Hawley,20000704,1,61,1,4,,0,0,2,0,0,0,0,0,0,0,0,1,0,0,0,0,0,0,0,0,0,0,0,0,0,0,8,200,1
Hawley,20000704,1,21,1,4,,0,0,0,0,0,0,0,0,0,0,0,1,0,1,0,0,0,0,0,0,0,0,0,0,0,0,16,100,1
Hawley,20000704,2,22,1,7.5,,0,0,0,0,0,0,0,0,0,2,0,0,0,1,0,0,0,0,0,0,0,0,0,0,0,0,3,200,0
Hawley,20000704,2,26,1,3,,0,0,0,0,0,0,0,0,0,0,0,2,0,0,0,0,0,0,0,0,0,0,0,0,0,0,8,10,2
Hawley,20000704,2,34,1,2,,0,0,0,0,0,0,0,0,0,0,0,3,0,0,0,0,0,0,0,0,0,0,0,0,0,0,21,0,0
Hawley,20000704,1,37,1,8,,0,0,0,0,0,0,0,0,0,0,0,3,0,0,0,0,0,0,0,0,0,0,0,0,0,0,19,0,1
Hawley,20000704,2,46,1,0,,,,,,,,,,,,,,,,,,,,,,,,,,,,,,
Hawley,20000704,2,50,1,5,,0,0,0,0,0,0,0,0,0,1,0,1,0,2,0,0,0,0,0,0,0,0,0,0,0,0,0,0,0
Hawley,20000711,4,48,1,5,,0,0,1,0,0,0,0,0,0,3,0,2,0,0,0,0,0,0,0,0,0,0,0,0,0,1,9,0,19
Hawley,20000711,1,49,1,3,,0,0,2,0,5,0,0,0,0,0,0,0,0,0,0,0,0,0,0,0,0,0,0,0,0,0,3,0,11
Hawley,20000711,2,6,1,1,,0,1,0,0,0,0,0,0,0,0,0,1,0,0,0,0,0,0,0,0,0,0,0,0,0,0,5,0,10
Hawley,20000711,1,37,1,7.5,,0,0,2,0,0,0,0,0,0,0,0,4,0,0,0,0,0,0,0,0,0,0,1,0,0,0,2,200,3
Hawley,20000711,1,45,1,1,,0,0,0,0,0,0,0,0,0,0,0,1,0,0,0,0,0,0,0,0,0,0,0,0,0,0,35,200,0
Hawley,20000711,2,18,1,15,,0,0,0,0,0,0,0,0,0,14,0,2,0,3,0,0,0,0,0,0,0,0,0,0,0,0,1,0,2
Hawley,20000711,1,1,1,8,,0,1,0,0,0,0,0,0,0,6,0,3,0,2,0,0,0,0,0,0,0,0,0,0,1,0,0,0,7
Hawley,20000711,2,78,1,,Damaged,,,,,,,,,,,,,,,,,,,,,,,,,,,,,
Hawley,20000711,4,80,1,10,,0,0,0,0,0,0,0,0,0,0,0,0,0,0,0,0,0,0,0,0,0,0,0,0,0,0,11,0,0
Hawley,20000711,4,80,2,4,,0,0,0,0,0,0,0,0,0,2,0,0,0,3,0,0,0,0,0,0,0,0,0,0,0,0,21,0,3
Hawley,20000711,4,52,1,5,,0,5,2,0,0,0,0,0,0,6,0,3,0,0,0,0,0,0,0,0,0,0,0,0,0,0,2,0,6
Hawley,20000711,4,52,2,0,,,,,,,,,,,,,,,,,,,,,,,,,,,,,,
Hawley,20000711,2,74,1,5,,0,4,0,0,0,0,0,0,0,1,0,0,0,0,0,0,0,0,0,0,0,0,0,0,0,0,14,0,0
Hawley,20000711,1,53,1,6,,0,0,0,0,0,0,0,0,0,0,0,0,0,0,0,0,0,0,0,0,0,0,0,0,0,0,0,0,1
Hawley,20000711,4,44,1,,,,,,,,,,,,,,,,,,,,,,,,,,,,,,,
Hawley,20000711,4,20,1,0,,,,,,,,,,,,,,,,,,,,,,,,,,,,,,
Hawley,20000711,4,20,2,1,,0,0,0,0,0,0,0,0,0,0,0,0,0,1,0,0,0,0,0,0,0,0,0,0,0,0,5,0,0
Hawley,20000711,4,16,1,0,,,,,,,,,,,,,,,,,,,,,,,,,,,,,,
Hawley,20000711,4,16,2,2,,0,1,0,0,0,0,0,0,0,0,0,0,0,0,0,0,0,0,0,0,0,0,0,0,0,0,2,0,2
Hawley,20000711,1,77,1,0,,,,,,,,,,,,,,,,,,,,,,,,,,,,,,
Hawley,20000711,1,13,1,12,,0,1,1,0,0,0,0,0,0,6,0,5,0,3,0,0,0,0,0,0,0,0,0,0,0,0,2,0,2
Hawley,20000711,2,54,1,1,,0,0,0,0,0,0,0,0,0,0,0,0,0,0,0,0,0,0,0,0,0,0,0,0,0,0,69,0,0
Hawley,20000711,4,4,1,0.5,,0,0,0,0,0,0,0,0,0,0,0,0,0,0,0,0,0,0,0,0,0,0,0,0,0,0,0,0,0
Hawley,20000711,4,12,1,5,,0,0,0,0,0,0,0,0,0,1,0,1,0,0,0,0,0,0,0,0,0,0,0,0,0,1,36,0,2
Hawley,20000711,2,10,1,5,,0,0,0,0,0,0,0,0,0,1,0,0,0,0,0,0,0,0,0,0,0,0,0,0,0,0,5,0,2
Hawley,20000711,1,9,1,2.5,,0,4,0,0,0,0,0,0,0,1,0,1,0,0,0,0,0,0,0,0,0,0,0,0,0,0,1,0,1
Hawley,20000711,1,5,1,4,,0,2,0,0,0,0,0,0,0,8,0,4,0,0,0,0,0,0,0,0,0,0,0,0,0,0,0,0,2
Hawley,20000711,2,46,1,1,,0,0,0,0,0,0,0,0,0,0,0,4,0,0,0,0,0,0,0,0,0,0,0,0,0,0,2,400,0
Hawley,20000711,1,57,1,,Damaged,,,,,,,,,,,,,,,,,,,,,,,,,,,,,
Hawley,20000711,2,2,1,5,,0,0,0,0,0,0,0,0,0,3,0,5,0,0,0,0,0,0,0,0,0,0,0,0,0,0,12,0,0
Hawley,20000711,2,58,1,,Damaged,,,,,,,,,,,,,,,,,,,,,,,,,,,,,
Hawley,20000711,4,36,1,4,,0,3,0,0,0,0,0,0,0,2,0,0,0,0,0,0,0,0,0,0,0,0,0,0,0,0,5,0,0
Hawley,20000711,4,60,1,2,,0,0,0,0,0,0,0,0,0,3,0,1,0,1,0,0,0,0,0,0,0,1,0,0,0,0,2,0,1
Hawley,20000711,1,41,1,0,,,,,,,,,,,,,,,,,,,,,,,,,,,,,,
Hawley,20000711,2,42,1,0,,,,,,,,,,,,,,,,,,,,,,,,,,,,,,
Hawley,20000711,2,50,1,0,,,,,,,,,,,,,,,,,,,,,,,,,,,,,,
Hawley,20000711,2,38,1,0,,,,,,,,,,,,,,,,,,,,,,,,,,,,,,
Hawley,20000711,4,76,1,,Damaged,,,,,,,,,,,,,,,,,,,,,,,,,,,,,
Hawley,20000711,2,70,1,0,,,,,,,,,,,,,,,,,,,,,,,,,,,,,,
Hawley,20000711,1,69,1,2,,0,0,0,0,0,0,0,0,0,0,0,6,0,0,0,0,0,0,0,0,0,0,0,0,0,1,8,300,6
Hawley,20000711,4,72,D(whole plant),,,0,0,0,0,0,0,0,0,0,0,0,0,0,0,0,0,0,0,0,0,0,0,0,0,0,0,0,0,0
Hawley,20000711,2,30,1,5,,0,0,0,0,0,0,0,0,0,4,0,1,0,0,0,0,0,0,0,0,0,0,0,0,0,1,26,0,3
Hawley,20000711,1,33,1,8,,0,0,0,0,0,0,0,0,0,0,0,6,0,1,0,0,0,0,0,0,0,0,0,0,0,0,7,0,1
Hawley,20000711,4,32,1,4,,0,0,0,0,0,0,0,0,0,0,0,1,0,0,0,0,0,0,0,0,0,0,0,0,0,0,9,0,0
Hawley,20000711,4,32,2,0,,,,,,,,,,,,,,,,,,,,,,,,,,,,,,
Hawley,20000711,1,17,1,2,,0,0,0,0,0,0,0,0,0,0,0,1,0,0,0,0,0,0,0,0,0,0,0,0,0,0,15,0,11
Hawley,20000711,4,8,1,4,,0,0,0,0,0,0,0,0,0,0,0,1,0,0,0,0,0,0,0,0,0,0,0,0,1,5,5,100,11
Hawley,20000711,4,8,2,1,,0,0,0,0,0,0,0,0,0,0,0,0,0,0,0,0,0,1,0,0,0,0,0,0,0,15,15,0,6
Hawley,20000711,4,64,1,4,,0,0,0,0,0,0,0,0,0,0,0,0,0,0,0,0,0,0,0,0,0,0,0,0,0,0,1,0,0
Hawley,20000711,4,64,2,2,,0,4,0,0,0,0,0,0,0,0,0,0,0,0,0,0,0,0,0,0,0,0,0,0,0,0,2,0,0
Hawley,20000711,4,64,3,7.5,,0,1,0,0,0,0,0,0,0,0,0,0,0,0,0,0,0,0,0,0,0,0,0,0,0,0,0,0,0
Hawley,20000711,1,65,1,4,,0,0,0,0,0,0,0,0,0,0,0,3,0,0,0,0,0,0,0,0,0,0,0,0,0,1,4,200,0
Hawley,20000711,4,40,1,,Damaged,,,,,,,,,,,,,,,,,,,,,,,,,,,,,
Hawley,20000711,1,29,1,0.5,,0,0,0,0,0,0,0,0,0,0,0,0,0,0,0,0,0,0,0,0,0,0,0,0,0,0,20,100,0
Hawley,20000711,2,14,1,0,,,,,,,,,,,,,,,,,,,,,,,,,,,,,,
Hawley,20000711,2,66,1,0,,,,,,,,,,,,,,,,,,,,,,,,,,,,,,
Hawley,20000711,1,73,1,0,,,,,,,,,,,,,,,,,,,,,,,,,,,,,,
Hawley,20000711,2,62,1,0,,,,,,,,,,,,,,,,,,,,,,,,,,,,,,
Hawley,20000711,4,56,1,0,,,,,,,,,,,,,,,,,,,,,,,,,,,,,,
Hawley,20000711,4,56,2,0,,,,,,,,,,,,,,,,,,,,,,,,,,,,,,
Hawley,20000711,4,28,1,0,,,,,,,,,,,,,,,,,,,,,,,,,,,,,,
Hawley,20000711,4,28,2,0,,,,,,,,,,,,,,,,,,,,,,,,,,,,,,
Hawley,20000711,4,28,3,0,,,,,,,,,,,,,,,,,,,,,,,,,,,,,,
Hawley,20000711,1,25,1,0,,,,,,,,,,,,,,,,,,,,,,,,,,,,,,
Hawley,20000711,4,68,1,1,,0,0,0,0,0,0,0,0,0,0,0,2,0,0,0,0,0,0,0,0,0,0,0,0,0,5,55,50,4
Hawley,20000711,4,68,2,0,,,,,,,,,,,,,,,,,,,,,,,,,,,,,,
Hawley,20000711,1,61,1,0,,,,,,,,,,,,,,,,,,,,,,,,,,,,,,
Hawley,20000711,1,21,1,1,,0,0,0,0,0,0,0,0,0,0,0,1,0,0,0,0,0,0,0,0,0,0,0,0,0,0,98,50,0
Hawley,20000711,4,24,1,1,,0,0,0,0,0,0,0,0,0,0,0,2,0,0,0,0,0,0,0,0,0,0,0,0,0,0,120,200,0
Hawley,20000711,4,24,2,0,,,,,,,,,,,,,,,,,,,,,,,,,,,,,,
Hawley,20000711,2,22,1,3,,0,0,0,0,0,0,0,0,0,2,0,2,0,0,0,0,0,0,0,0,0,0,0,0,1,0,54,100,1
Hawley,20000711,2,26,1,1,,0,0,0,0,0,0,0,0,0,0,0,1,0,0,0,0,0,0,0,0,0,0,0,0,0,0,62,300,0
Hawley,20000711,2,34,1,,Damaged,,,,,,,,,,,,,,,,,,,,,,,,,,,,,
Hawley,20000717,4,48,1,9,,0,0,0,0,1,0,0,0,0,1,0,0,0,0,0,0,0,0,0,1,0,0,0,0,0,0,25,0,3
Hawley,20000717,1,49,1,16,,0,2,0,0,1,0,0,0,0,0,0,1,0,0,0,0,0,0,0,1,0,0,2,0,1,1,1,20,9
Hawley,20000717,2,6,1,,Damaged,,,,,,,,,,,,,,,,,,,,,,,,,,,,,
Hawley,20000717,1,37,1,14,,0,0,0,0,2,0,0,0,0,0,0,0,0,0,0,0,0,0,0,0,0,0,0,0,1,0,11,20,0
Hawley,20000717,1,45,1,7.5,,0,0,0,0,0,0,0,0,0,0,0,0,0,0,0,0,0,0,0,0,0,0,0,0,0,0,13,0,1
Hawley,20000717,2,18,1,22,,0,1,0,0,0,0,0,0,0,7,0,3,0,0,0,0,0,0,0,0,0,0,0,0,0,0,12,0,1
Hawley,20000717,4,80,1,18,,0,0,0,0,0,0,0,0,0,0,0,1,0,12,0,0,0,0,0,0,0,0,0,0,0,0,36,50,1
Hawley,20000717,4,80,2,20,,0,0,0,0,0,0,0,0,0,0,0,0,0,0,0,0,0,0,0,0,0,0,0,0,0,0,25,0,1
Hawley,20000717,4,52,1,15,,0,0,3,0,1,0,0,0,0,4,0,0,0,5,0,0,0,0,0,0,0,0,0,0,0,0,2,0,3
Hawley,20000717,4,52,2,9,,6,1,0,0,0,0,0,0,0,0,0,1,0,0,0,0,0,0,0,0,0,0,0,0,0,0,4,0,3
Hawley,20000717,2,74,1,14,,6,0,0,0,0,0,0,0,0,1,0,0,0,0,0,0,0,0,0,0,0,0,0,0,0,0,3,0,1
Hawley,20000717,1,53,1,15,,0,0,0,0,0,0,0,0,0,0,0,9,0,8,0,0,0,0,0,0,0,0,0,0,0,0,3,0,0
Hawley,20000717,4,44,1,4,,0,0,0,0,0,0,0,0,0,0,0,0,0,0,0,0,0,0,0,0,0,0,0,0,0,0,14,0,1
Hawley,20000717,4,20,1,,Damaged,,,,,,,,,,,,,,,,,,,,,,,,,,,,,
Hawley,20000717,4,20,2,8,,0,0,0,0,0,0,0,0,0,0,0,0,0,0,0,0,0,0,0,0,0,0,0,0,0,0,2,0,0
Hawley,20000717,1,1,1,15,,0,0,0,0,1,0,0,0,0,2,0,2,0,0,0,0,0,0,0,0,0,0,1,0,0,0,3,0,5
Hawley,20000717,2,78,1,,Damaged,,,,,,,,,,,,,,,,,,,,,,,,,,,,,
Hawley,20000717,4,12,1,14,,1,1,0,0,0,0,0,0,0,0,0,2,0,0,0,0,0,0,0,0,0,0,0,0,0,0,1,0,2
Hawley,20000717,4,16,1,7.5,,0,0,0,0,0,0,0,0,0,1,0,0,0,0,0,0,0,0,0,0,0,0,0,0,0,0,12,2,0
Hawley,20000717,4,16,2,6,,0,0,0,0,1,0,2,0,0,0,0,0,0,0,0,0,0,0,0,0,0,0,0,0,0,0,2,0,0
Hawley,20000717,1,77,1,3,,0,1,0,0,0,0,0,0,0,0,0,2,0,0,0,0,0,0,0,0,0,0,0,0,0,0,11,0,0
Hawley,20000717,1,13,1,21,,2,0,0,0,0,0,0,0,0,4,0,0,0,0,0,0,0,0,0,0,0,0,0,0,0,0,4,0,0
Hawley,20000717,4,4,1,30,,0,0,0,0,0,0,0,0,0,0,0,0,0,1,0,0,0,0,0,1,0,0,0,0,0,0,3,0,0
Hawley,20000717,2,54,1,24,,1,1,0,0,0,0,0,0,0,3,0,0,0,0,0,0,0,0,0,0,0,0,0,0,0,0,14,0,0
Hawley,20000717,2,10,1,12,,0,2,0,0,0,0,0,0,1,0,0,1,0,0,0,0,0,0,0,0,0,0,0,0,0,0,1,0,0
Hawley,20000717,1,9,1,6,,0,1,0,0,0,0,0,0,1,2,0,0,0,0,0,0,0,0,0,0,0,0,0,0,0,0,6,0,1
Hawley,20000717,1,5,1,19,,2,2,0,0,0,0,0,0,0,0,0,0,0,0,0,0,0,0,0,0,0,0,0,0,0,0,2,0,0
Hawley,20000717,2,46,1,6,,0,0,0,0,0,0,0,0,0,0,0,1,0,0,0,0,0,0,0,0,0,0,0,0,0,0,14,100,1
Hawley,20000717,2,58,1,,Damaged,,,,,,,,,,,,,,,,,,,,,,,,,,,,,
Hawley,20000717,1,57,11,,Damaged,,,,,,,,,,,,,,,,,,,,,,,,,,,,,
Hawley,20000717,2,2,1,24,,0,0,0,0,0,0,0,0,0,0,0,0,0,0,0,0,0,0,0,0,0,0,0,0,0,0,5,0,1
Hawley,20000717,4,60,1,18,,0,0,0,0,0,0,0,0,0,0,0,0,0,0,0,0,0,0,0,0,0,0,0,0,0,0,2,0,0
Hawley,20000717,4,36,1,29,,0,0,0,0,0,0,0,0,0,0,0,0,0,0,0,0,0,0,0,1,0,0,0,0,0,0,0,0,1
Hawley,20000717,4,36,2,0,,,,,,,,,,,,,,,,,,,,,,,,,,,,,,
Hawley,20000717,1,41,1,1,,0,0,0,0,0,0,0,0,0,0,0,0,0,0,0,0,0,0,0,0,0,0,0,0,0,0,20,0,0
Hawley,20000717,2,42,1,0,,,,,,,,,,,,,,,,,,,,,,,,,,,,,,
Hawley,20000717,2,50,1,5,,0,0,0,0,0,0,0,0,1,1,0,0,0,0,0,0,0,0,0,0,0,0,0,0,0,0,45,0,0
Hawley,20000717,2,38,1,18,,6,0,0,0,0,0,0,0,1,1,0,0,0,0,0,0,0,0,0,1,0,0,0,0,0,0,2,0,1
Hawley,20000717,4,76,1,,Damaged,,,,,,,,,,,,,,,,,,,,,,,,,,,,,
Hawley,20000717,1,69,1,19,,0,0,0,0,0,0,0,0,0,0,0,1,0,2,0,0,0,0,0,0,0,0,0,0,0,0,5,100,6
Hawley,20000717,2,70,1,7.5,,0,0,0,0,0,0,0,0,0,0,0,0,0,0,0,0,0,0,0,0,0,0,1,0,0,0,4,0,7
Hawley,20000717,4,72,1,0,,,,,,,,,,,,,,,,,,,,,,,,,,,,,,
Hawley,20000717,2,30,1,13,,0,0,0,0,0,0,0,0,0,0,0,0,0,0,0,0,0,0,0,0,0,0,0,0,0,0,13,0,0
Hawley,20000717,1,33,1,25,,0,0,0,0,0,1,0,0,0,1,0,0,0,3,0,0,0,0,0,0,0,0,0,0,0,0,5,100,0
Hawley,20000717,4,32,1,24,,0,0,0,0,0,0,0,0,0,0,0,0,0,0,0,0,0,0,0,0,0,0,0,0,0,0,1,20,0
Hawley,20000717,4,32,2,25,,0,0,0,0,0,0,0,0,0,0,0,0,0,0,0,0,0,0,0,0,0,0,0,0,0,0,1,0,0
Hawley,20000717,1,17,1,5,,0,0,0,0,0,0,0,0,0,0,0,0,0,0,0,0,0,0,0,0,0,0,0,0,0,2,8,0,2
Hawley,20000717,4,8,1,15,,0,0,0,0,0,0,0,0,0,0,0,0,0,0,0,0,0,0,0,0,0,0,0,0,0,0,9,0,2
Hawley,20000717,4,8,2,5,,0,0,0,0,0,0,0,0,0,0,0,0,0,0,0,0,0,0,0,0,0,0,0,0,0,2,11,50,1
Hawley,20000717,4,8,3,1,,0,0,0,0,0,0,0,0,0,0,0,0,0,0,0,0,0,0,0,0,0,0,0,0,0,1,2,0,0
Hawley,20000717,4,64,1,8,,2,0,0,0,0,0,1,0,0,0,0,1,0,1,0,0,0,0,0,0,0,0,0,0,0,0,2,0,0
Hawley,20000717,4,64,2,34,,0,5,0,0,0,0,0,0,0,0,0,0,0,0,0,0,0,0,0,0,0,0,0,0,0,0,0,0,5
Hawley,20000717,4,40,1,0,,,,,,,,,,,,,,,,,,,,,,,,,,,,,,
Hawley,20000717,1,29,1,7,,1,0,0,0,0,0,0,0,0,0,0,0,0,0,0,0,0,0,0,0,0,0,0,0,0,0,27,0,0
Hawley,20000717,1,65,1,10,,0,0,0,0,0,0,0,0,0,1,0,2,0,0,0,0,0,0,0,0,0,0,0,0,0,0,5,0,0
Hawley,20000717,2,14,1,7,,0,0,0,0,0,0,0,0,0,0,0,0,0,0,0,0,0,0,0,0,0,0,0,0,0,0,15,0,0
Hawley,20000717,2,66,1,4,,0,0,0,0,0,0,0,0,0,0,0,0,0,0,0,0,0,0,0,0,0,0,0,0,0,0,7,0,0
Hawley,20000717,1,73,1,14,,0,0,0,0,0,0,0,0,0,1,0,0,0,0,0,0,0,0,0,0,0,0,0,0,0,0,12,0,0
Hawley,20000717,2,62,1,14,,0,0,0,0,0,0,0,0,0,0,0,0,0,0,0,0,0,0,0,0,0,0,0,0,0,0,3,0,0
Hawley,20000717,4,56,1,13,,0,0,0,0,0,0,0,0,0,1,0,0,0,0,0,0,0,0,0,0,0,0,0,0,0,0,9,0,1
Hawley,20000717,4,56,2,9,,0,1,0,0,0,0,0,0,0,0,0,0,0,0,0,0,0,0,0,0,0,0,0,0,0,0,11,0,2
Hawley,20000717,4,28,1,14,,0,0,0,0,0,0,0,0,0,0,0,0,0,0,0,0,0,0,0,0,0,0,0,0,0,0,14,0,7
Hawley,20000717,4,28,2,10,,0,0,0,0,0,0,0,0,0,3,0,6,0,0,0,0,0,0,0,0,0,0,1,0,0,0,13,0,5
Hawley,20000717,4,28,3,6,,0,0,0,4,0,0,0,0,0,0,0,0,0,0,0,0,0,0,0,0,0,0,0,0,0,1,2,0,2
Hawley,20000717,1,25,1,19,,0,0,0,0,0,0,0,0,0,0,0,0,0,0,0,0,0,0,0,0,0,0,0,0,0,0,5,0,0
Hawley,20000717,4,68,1,5,,0,0,0,0,0,0,0,0,0,0,0,0,0,0,0,0,0,0,0,0,0,0,0,0,0,0,10,0,3
Hawley,20000717,4,68,2,1,,0,0,0,0,0,0,0,0,0,0,0,1,0,0,0,0,0,0,0,0,0,0,0,0,0,0,252,0,3
Hawley,20000717,4,68,3,1,,0,0,0,0,0,0,0,0,0,0,0,0,0,0,0,0,0,0,0,0,0,0,0,0,0,1,24,0,0
Hawley,20000717,4,24,1,15,,0,0,2,0,0,0,0,0,0,0,0,5,0,1,0,0,0,0,0,0,0,0,0,0,0,0,18,50,3
Hawley,20000717,4,24,2,8,,0,0,1,0,0,0,0,0,0,0,0,0,0,0,0,0,0,0,0,1,0,0,0,0,0,0,19,0,1
Hawley,20000717,1,61,1,16,,0,0,0,0,0,1,0,0,0,1,0,1,0,0,0,0,0,0,0,0,0,0,0,0,0,1,3,0,19
Hawley,20000717,1,21,1,10,,0,0,1,0,0,0,0,0,0,0,0,0,0,0,0,0,0,0,0,0,0,0,0,0,0,0,12,0,0
Hawley,20000717,2,22,1,15,,1,0,0,0,0,0,0,0,0,0,0,1,0,0,0,0,0,0,0,0,0,0,1,0,0,0,16,0,1
Hawley,20000717,2,26,1,11,,0,0,0,0,0,0,0,0,0,1,0,1,0,0,0,0,0,0,0,0,0,0,0,0,0,0,3,200,4
Hawley,20000717,2,34,1,0,,,,,,,,,,,,,,,,,,,,,,,,,,,,,,
Hawley,20000725,1,37,1,0,,,,,,,,,,,,,,,,,,,,,,,,,,,,,,
Hawley,20000725,3,3,1,0,,,,,,,,,,,,,,,,,,,,,,,,,,,,,,
Hawley,20000725,4,48,1,5,,0,0,0,0,0,0,0,0,0,0,0,2,0,0,0,0,0,0,0,0,0,0,0,0,0,2,20,0,1
Hawley,20000725,1,49,1,5.5,,0,0,1,0,0,0,0,0,0,0,0,0,0,0,0,0,0,0,0,0,0,0,0,0,0,0,0,0,2
Hawley,20000725,2,6,1,10,,0,0,0,0,1,0,0,0,0,0,0,3,0,0,0,0,1,0,0,0,0,0,0,0,0,2,6,50,36
Hawley,20000725,1,45,1,4.5,,0,0,0,0,0,0,0,0,0,0,0,0,0,0,0,0,0,0,0,0,0,0,0,0,0,0,7,0,1
Hawley,20000725,3,75,1,1,,0,0,0,0,0,0,0,0,0,0,0,0,0,0,0,0,0,0,0,0,0,0,0,0,0,0,2,0,1
Hawley,20000725,3,47,1,7.5,,0,0,6,0,0,0,0,0,0,0,0,2,0,0,0,0,0,0,0,0,0,0,0,0,0,0,4,50,15
Hawley,20000725,3,15,1,7,,0,0,0,0,0,0,0,0,0,1,0,0,0,0,0,0,0,0,0,0,0,0,0,0,0,0,107,0,0
Hawley,20000725,2,18,1,15,,0,0,0,0,0,0,0,0,0,6,0,4,0,0,0,0,0,0,0,0,0,0,0,0,0,0,13,0,1
Hawley,20000725,3,79,1,3,,0,0,0,0,0,0,0,0,0,3,0,0,0,0,0,0,0,0,0,0,0,0,0,0,0,0,67,0,0
Hawley,20000725,4,80,1,11,,0,0,0,0,0,0,0,0,0,1,0,0,0,0,0,0,0,0,0,0,0,0,0,0,0,0,128,0,0
Hawley,20000725,4,80,2,10,,0,0,0,0,0,0,0,0,0,0,0,2,0,1,0,0,0,0,0,0,0,0,0,0,0,0,65,100,1
Hawley,20000725,4,80,3,0,,,,,,,,,,,,,,,,,,,,,,,,,,,,,,
Hawley,20000725,1,1,1,12,,0,0,0,0,0,0,0,0,0,4,0,4,0,1,0,0,0,0,0,0,0,0,0,0,0,0,13,0,8
Hawley,20000725,2,78,1,10,,0,0,0,0,0,0,0,0,0,0,0,0,0,0,0,0,0,0,0,0,0,0,0,0,0,0,0,0,0
Hawley,20000725,3,71,1,2,,0,0,0,0,0,0,0,0,0,1,0,0,0,0,0,0,0,0,0,0,0,0,0,0,0,0,14,0,0
Hawley,20000725,2,74,1,9,,1,0,1,0,0,0,0,0,0,2,0,0,0,0,0,0,0,0,0,0,0,0,0,0,0,0,3,0,0
Hawley,20000725,4,52,1,8,,1,3,2,0,2,0,0,0,0,7,0,3,0,0,0,0,0,0,0,0,0,0,0,0,0,0,11,0,2
Hawley,20000725,1,53,1,10,,0,0,0,0,0,0,0,0,0,0,0,7,0,0,0,0,0,0,0,0,0,0,0,0,0,0,19,0,1
Hawley,20000725,4,44,1,0,,,,,,,,,,,,,,,,,,,,,,,,,,,,,,
Hawley,20000725,4,20,1,0,,,,,,,,,,,,,,,,,,,,,,,,,,,,,,
Hawley,20000725,4,20,2,5,,0,0,0,0,0,0,0,0,0,1,0,1,0,0,0,0,0,0,0,0,0,0,0,0,0,0,16,0,1
Hawley,20000725,4,46,1,5,,0,0,0,0,0,0,0,0,0,2,0,6,0,0,0,0,0,0,0,0,0,0,0,0,0,0,8,200,3
Hawley,20000725,4,46,2,3,,0,0,0,0,0,0,0,0,0,0,0,0,0,0,0,0,0,0,0,0,0,0,0,0,0,0,3,10,0
Hawley,20000725,1,77,1,1,,0,0,0,0,0,0,0,0,0,0,0,0,0,0,0,0,0,0,0,0,0,0,0,0,0,0,0,10,0
Hawley,20000725,1,13,1,14,,0,0,0,0,0,0,0,0,0,0,0,2,0,0,0,0,0,0,0,0,0,0,0,0,0,0,2,0,2
Hawley,20000725,3,11,1,7.5,,0,1,0,0,0,0,0,0,0,0,0,0,0,0,0,0,0,0,0,0,0,0,0,0,0,0,15,0,0
Hawley,20000725,4,12,1,6,,0,0,0,0,0,0,0,0,0,0,0,0,0,0,0,0,0,0,0,0,0,0,0,0,0,0,1,0,0
Hawley,20000725,3,51,1,8,,0,0,0,0,0,0,0,0,0,2,0,0,0,0,0,0,0,0,0,0,0,0,0,0,0,0,11,0,0
Hawley,20000725,4,4,1,20,,0,0,0,0,0,0,0,0,0,4,0,3,0,0,0,0,0,0,0,0,0,0,0,0,0,0,3,0,3
Hawley,20000725,2,10,1,6,,0,0,0,0,0,0,0,0,0,2,0,2,0,0,0,0,0,0,0,0,0,0,0,0,0,0,0,0,0
Hawley,20000725,1,9,1,4,,0,4,0,0,0,0,0,0,0,2,0,4,0,0,0,0,0,0,0,0,0,0,0,0,0,0,0,0,2
Hawley,20000725,1,5,1,13,,4,0,0,0,0,0,0,0,0,1,0,2,0,0,0,0,0,0,0,0,0,0,0,0,0,0,0,0,0
Hawley,20000725,2,54,1,16,,2,0,0,0,0,0,0,0,0,1,0,3,2,0,0,0,0,0,0,0,0,0,0,0,0,0,0,0,0
Hawley,20000725,2,46,1,0,,,,,,,,,,,,,,,,,,,,,,,,,,,,,,
Hawley,20000725,3,55,1,0,,,,,,,,,,,,,,,,,,,,,,,,,,,,,,
Hawley,20000725,2,58,1,0,,,,,,,,,,,,,,,,,,,,,,,,,,,,,,
Hawley,20000725,1,57,1,0,,,,,,,,,,,,,,,,,,,,,,,,,,,,,,
Hawley,20000725,2,2,1,16,,0,0,0,0,0,0,0,0,0,0,0,0,0,0,0,0,0,0,0,0,0,0,0,0,0,0,34,0,0
Hawley,20000725,4,60,1,14,,1,1,0,0,0,0,0,0,1,1,0,0,0,0,0,0,0,0,0,0,0,0,0,0,0,2,4,0,3
Hawley,20000725,3,59,1,2,,0,0,0,0,0,0,0,0,0,0,0,0,0,0,0,0,0,0,0,0,0,0,0,0,0,0,22,0,0
Hawley,20000725,4,36,1,21,,0,0,0,0,0,0,0,0,0,0,0,1,0,0,0,0,0,0,0,0,0,0,0,0,0,0,6,0,0
Hawley,20000725,,36,2,0,,,,,,,,,,,,,,,,,,,,,,,,,,,,,,
Hawley,20000725,4,4,1,0,,,,,,,,,,,,,,,,,,,,,,,,,,,,,,
Hawley,20000725,2,42,1,0,,,,,,,,,,,,,,,,,,,,,,,,,,,,,,
Hawley,20000725,2,50,1,0,,,,,,,,,,,,,,,,,,,,,,,,,,,,,,
Hawley,20000725,2,38,1,13,,0,0,0,0,0,0,0,0,0,2,0,1,0,0,0,0,0,0,0,0,0,0,0,0,0,0,4,0,0
Hawley,20000725,4,76,1,0,,,,,,,,,,,,,,,,,,,,,,,,,,,,,,
Hawley,20000725,1,69,1,7.5,,0,0,0,0,1,0,0,0,0,0,0,2,0,0,0,0,0,0,0,0,0,0,0,0,0,0,19,0,0
Hawley,20000725,2,70,1,4,,0,0,0,0,0,0,0,0,0,0,0,0,0,0,0,0,0,0,0,1,0,0,0,0,0,3,25,0,1
Hawley,20000725,4,72,1,0,,,,,,,,,,,,,,,,,,,,,,,,,,,,,,
Hawley,20000725,3,31,1,3,,0,0,0,0,0,0,0,0,0,0,0,0,0,0,0,0,0,0,0,0,0,0,0,0,0,0,14,0,0
Hawley,20000725,2,30,1,6,,0,0,0,0,0,0,0,0,0,0,0,0,0,0,0,0,0,0,0,0,0,0,0,0,0,0,22,0,0
Hawley,20000725,1,33,1,0,,,,,,,,,,,,,,,,,,,,,,,,,,,,,,
Hawley,20000725,4,32,1,10,,0,0,0,0,0,0,0,0,0,0,0,0,0,0,0,0,0,0,0,0,0,0,0,0,0,0,12,0,3
Hawley,20000725,4,32,2,17,,0,0,0,0,0,0,0,0,0,0,0,0,0,1,0,0,0,0,0,0,0,0,0,0,0,0,6,0,4
Hawley,20000725,1,17,1,2,,0,0,0,0,0,0,0,0,0,0,0,0,0,1,0,0,0,0,0,0,0,0,0,0,0,0,2,0,3
Hawley,20000725,3,19,1,10,,0,0,0,0,0,0,0,0,0,0,0,0,0,0,0,0,0,0,0,0,0,0,0,0,0,0,7,0,0
Hawley,20000725,4,8,1,7.5,,0,0,0,0,0,0,0,0,0,0,0,0,0,0,0,0,0,0,0,0,0,0,0,0,0,0,2,0,1
Hawley,20000725,4,8,2,0,,0,0,0,0,0,0,0,0,0,0,0,0,0,0,0,0,0,0,0,0,0,0,0,0,0,0,0,0,0
Hawley,20000725,1,65,1,5,,0,0,0,0,0,0,0,0,0,0,0,0,0,0,0,0,0,0,0,0,0,0,0,0,0,0,7,0,0
Hawley,20000725,3,35,1,0,,0,0,0,0,0,0,0,0,0,0,0,0,0,0,0,0,0,0,0,0,0,0,0,0,0,0,8,0,0
Hawley,20000725,4,64,1,6,,2,0,0,0,0,0,0,0,0,1,0,2,0,0,0,0,0,0,0,0,0,0,0,0,0,0,0,0,0
Hawley,20000725,1,29,1,4,,0,1,0,0,0,0,0,0,0,0,0,0,0,0,0,0,0,0,0,0,0,0,0,0,0,0,3,0,0
Hawley,20000725,3,39,1,5,,0,0,0,0,0,0,0,0,0,0,0,0,0,0,0,0,0,0,0,0,0,0,0,0,0,0,9,0,0
Hawley,20000725,4,40,1,0,,,,,,,,,,,,,,,,,,,,,,,,,,,,,,
Hawley,20000725,3,63,1,0,,0,0,0,0,0,0,0,0,0,0,0,0,0,0,0,0,0,0,0,0,0,0,0,0,0,0,0,0,0
Hawley,20000725,2,14,1,2,,0,0,0,0,0,0,0,0,0,0,0,0,0,0,0,0,0,0,0,0,0,0,0,0,0,0,9,0,0
Hawley,20000725,2,66,1,2,,0,0,0,0,0,0,0,0,0,0,0,1,0,0,0,0,0,0,0,0,0,0,0,0,0,0,3,0,0
Hawley,20000725,1,73,1,6,,0,0,0,0,0,0,0,0,0,1,0,0,0,0,0,0,0,0,0,0,0,0,0,0,0,0,7,0,0
Hawley,20000725,2,62,1,0,,,,,,,,,,,,,,,,,,,,,,,,,,,,,,
Hawley,20000725,4,56,1,0,,,,,,,,,,,,,,,,,,,,,,,,,,,,,,
Hawley,20000725,3,7,1,0,,,,,,,,,,,,,,,,,,,,,,,,,,,,,,
Hawley,20000725,4,28,1,7,,0,0,0,0,0,0,0,0,0,0,0,0,0,0,0,0,0,0,0,0,0,0,0,0,0,0,13,200,2
Hawley,20000725,4,28,2,4,,0,0,0,0,0,0,0,0,0,1,0,4,0,0,0,0,0,0,0,0,0,0,0,0,0,0,9,400,6
Hawley,20000725,4,28,3,3,,0,0,0,0,0,0,0,0,0,0,0,0,0,0,0,0,0,0,0,0,0,0,0,0,0,0,11,100,2
Hawley,20000725,3,27,1,0,,,,,,,,,,,,,,,,,,,,,,,,,,,,,,
Hawley,20000725,1,25,1,10,,0,0,0,0,0,0,0,0,0,1,0,1,0,0,0,0,0,0,0,0,0,0,0,0,0,0,4,0,5
Hawley,20000725,4,68,1,2,,0,0,0,0,0,0,0,0,0,0,0,1,0,0,0,0,0,0,0,0,0,0,0,0,0,0,6,0,2
Hawley,20000725,4,68,2,0,,,,,,,,,,,,,,,,,,,,,,,,,,,,,,
Hawley,20000725,4,68,3,0,,,,,,,,,,,,,,,,,,,,,,,,,,,,,,
Hawley,20000725,3,67,1,0,,,,,,,,,,,,,,,,,,,,,,,,,,,,,,
Hawley,20000725,3,23,1,5,,0,0,1,1,0,0,0,0,0,1,0,2,0,0,0,0,0,0,0,0,0,0,0,0,0,0,7,0,4
Hawley,20000725,1,61,1,10,,0,0,0,0,0,0,0,0,0,1,0,2,0,0,0,0,0,0,0,0,0,0,0,0,0,0,3,200,37
Hawley,20000725,1,21,1,5,,0,0,0,0,0,0,0,0,0,0,0,0,0,0,0,0,0,0,0,0,0,0,0,0,0,2,1,0,6
Hawley,20000725,2,22,1,6,,0,0,0,0,0,0,0,0,0,0,0,0,0,0,0,0,0,0,0,0,0,0,0,0,0,0,3,0,2
Hawley,20000725,2,26,1,5,,0,0,0,0,0,0,0,0,0,0,0,0,0,1,0,0,0,0,0,0,0,0,0,0,0,0,17,400,2
Hawley,20000725,3,43,1,0,,,,,,,,,,,,,,,,,,,,,,,,,,,,,,
Hawley,20000725,2,34,1,0,,,,,,,,,,,,,,,,,,,,,,,,,,,,,,
Hawley,20000801,3,3,1,7.5,,0,0,0,0,0,0,0,0,0,0,0,0,0,0,0,0,0,0,0,0,0,0,0,0,0,0,10,0,0
Hawley,20000801,1,49,1,7.5,,1,0,0,0,0,0,2,0,0,0,0,1,0,0,0,0,0,0,0,0,0,0,0,0,0,0,2,0,0
Hawley,20000801,4,18,1,10,,0,0,0,0,0,0,0,0,0,0,0,0,0,0,0,0,0,0,0,0,0,0,0,0,0,0,8,0,0
Hawley,20000801,2,6,1,0,,,,,,,,,,,,,,,,,,,,,,,,,,,,,,
Hawley,20000801,1,37,1,14,,0,0,0,0,0,0,0,0,0,1,0,0,0,0,0,0,0,0,0,0,0,0,0,0,0,0,8,0,1
Hawley,20000801,3,47,1,15,,0,0,5,0,1,0,1,0,0,0,0,4,0,0,0,0,0,1,0,0,0,0,0,0,0,0,0,0,16
Hawley,20000801,3,75,1,4.5,,0,0,0,0,1,0,0,0,0,0,0,0,0,0,0,0,0,1,0,0,0,0,0,0,0,0,1,0,0
Hawley,20000801,1,1,1,20,,1,0,1,0,0,0,0,0,0,0,0,2,0,0,0,0,0,0,0,0,0,0,0,0,0,0,2,0,0
Hawley,20000801,3,71,1,10,,0,0,0,0,1,0,0,0,0,0,0,0,0,0,0,0,0,0,0,0,0,0,0,0,0,0,1,0,4
Hawley,20000801,2,78,1,0,,,,,,,,,,,,,,,,,,,,,,,,,,,,,,
Hawley,20000801,3,15,1,7,,0,0,0,0,0,0,0,0,0,0,0,6,0,0,0,0,0,0,0,0,0,0,0,0,0,0,39,0,2
Hawley,20000801,2,18,1,22,,0,2,1,0,0,0,0,0,0,4,0,2,0,0,0,0,0,0,0,0,0,0,0,0,0,0,6,0,0
Hawley,20000801,3,79,1,16,,0,0,0,0,0,0,0,0,0,0,0,0,0,0,0,0,0,0,0,0,0,0,0,0,0,0,4,0,0
Hawley,20000801,4,80,1,16,,0,0,0,0,0,0,0,0,0,0,0,0,0,0,0,0,0,0,0,0,0,0,0,0,0,0,42,0,0
Hawley,20000801,4,80,2,22,,0,0,0,0,0,0,0,0,0,0,0,0,0,0,0,0,0,0,0,0,0,0,0,0,0,0,44,0,1
Hawley,20000801,4,80,3,15,,15,0,0,0,0,0,0,0,0,1,0,0,0,0,0,0,0,0,0,0,0,0,0,0,0,0,4,0,1
Hawley,20000801,2,74,1,14,,1,0,1,0,0,0,0,0,0,1,0,0,0,0,0,0,0,0,0,0,0,0,0,0,0,0,0,0,1
Hawley,20000801,4,52,1,15,,0,2,2,0,2,0,0,0,0,4,0,1,0,0,0,0,0,0,0,0,0,0,0,0,0,0,0,0,1
Hawley,20000801,4,52,2,10,,0,0,9,0,0,0,0,0,0,4,0,5,0,0,0,0,0,0,0,0,0,0,0,0,0,0,2,0,0
Hawley,20000801,4,52,3,0,,,,,,,,,,,,,,,,,,,,,,,,,,,,,,
Hawley,20000801,1,53,1,15,,0,0,0,0,0,0,0,0,1,1,0,0,0,0,0,0,0,0,0,0,0,0,0,0,0,0,10,0,0
Hawley,20000801,4,44,1,10,,5,0,0,0,0,0,0,0,1,1,0,0,0,0,0,0,0,0,0,0,0,0,0,0,0,0,7,0,1
Hawley,20000801,4,20,1,0,,,,,,,,,,,,,,,,,,,,,,,,,,,,,,
Hawley,20000801,4,20,2,11,,0,0,0,0,0,0,0,0,0,0,0,0,0,0,0,0,0,0,0,0,0,0,0,0,0,0,30,0,0
Hawley,20000801,4,16,1,7.5,,0,0,0,0,0,0,0,0,0,0,0,0,0,4,0,0,0,0,0,0,0,0,0,0,0,0,23,0,2
Hawley,20000801,4,16,2,6,,0,0,0,0,0,0,0,0,0,0,0,2,0,1,0,0,0,0,0,0,0,0,0,0,0,0,9,0,0
Hawley,20000801,4,16,3,2,,0,0,0,0,0,0,0,0,0,0,0,0,0,0,0,0,0,0,0,0,0,0,0,0,0,0,4,0,0
Hawley,20000801,1,77,1,4,,0,0,0,0,0,0,0,0,0,0,0,0,0,0,0,0,0,0,0,0,0,0,0,0,0,0,0,0,0
Hawley,20000801,1,13,1,22,,0,0,0,0,0,0,0,0,0,0,0,0,0,0,0,0,0,0,0,0,0,0,0,0,0,0,0,0,0
Hawley,20000801,3,11,1,14,,2,0,0,0,0,0,0,0,0,0,0,0,0,0,0,0,0,0,0,0,0,0,0,0,0,0,1,0,0
Hawley,20000801,4,12,1,12,,0,0,0,0,0,0,0,0,0,0,0,0,0,0,0,0,0,0,0,0,0,0,0,0,0,0,0,0,0
Hawley,20000801,4,12,2,5,,5,0,0,0,0,0,0,0,0,0,0,0,0,0,0,0,0,0,0,0,0,0,0,0,0,0,0,0,0
Hawley,20000801,4,4,1,29,,1,0,0,0,0,0,0,0,0,1,0,2,0,1,0,0,0,0,0,0,0,0,0,0,0,0,0,0,0
Hawley,20000801,4,4,2,0,,,,,,,,,,,,,,,,,,,,,,,,,,,,,,
Hawley,20000801,3,51,1,18,,0,0,0,0,0,0,0,0,0,0,0,0,0,0,0,0,0,0,0,0,0,0,0,0,0,0,2,0,0
Hawley,20000801,2,10,1,13,,0,0,0,0,0,0,0,0,0,0,0,0,0,0,0,0,0,0,0,0,0,0,0,0,0,0,0,0,0
Hawley,20000801,1,9,1,5,,1,0,4,0,0,0,1,0,0,0,0,3,0,0,0,0,0,0,0,0,0,0,0,0,0,2,4,0,1
Hawley,20000801,1,5,1,20,,3,0,0,0,0,0,1,0,0,2,0,0,0,0,0,0,0,0,0,0,0,0,0,0,0,0,0,0,1
Hawley,20000801,2,54,1,24,,2,0,0,0,0,0,0,0,0,0,0,1,0,0,0,0,0,0,0,0,0,0,0,0,0,0,0,0,0
Hawley,20000801,3,55,1,14,,0,0,0,0,0,0,0,0,1,0,0,1,0,0,0,0,0,0,0,0,0,0,0,0,0,0,0,0,0
Hawley,20000801,2,46,1,1,,0,0,0,0,0,0,0,0,0,0,0,2,0,0,0,0,0,0,0,0,0,0,0,0,0,0,3,0,0
Hawley,20000801,2,58,1,0,,,,,,,,,,,,,,,,,,,,,,,,,,,,,,
Hawley,20000801,1,57,1,0,,,,,,,,,,,,,,,,,,,,,,,,,,,,,,
Hawley,20000801,2,2,1,0,,,,,,,,,,,,,,,,,,,,,,,,,,,,,,
Hawley,20000801,4,60,1,22,,0,0,0,0,0,0,0,0,0,0,0,1,0,0,0,0,0,0,0,0,0,0,0,0,0,0,5,0,0
Hawley,20000801,3,59,1,10,,0,0,0,0,0,0,0,0,0,0,0,0,0,0,0,0,0,0,0,0,0,0,0,0,0,0,6,0,0
Hawley,20000801,4,36,1,30,,2,0,0,0,0,0,0,0,0,0,0,0,0,0,0,0,0,0,0,0,0,0,0,0,0,0,6,0,0
Hawley,20000801,4,36,2,0,,,,,,,,,,,,,,,,,,,,,,,,,,,,,,
Hawley,20000801,1,41,1,0,,,,,,,,,,,,,,,,,,,,,,,,,,,,,,
Hawley,20000801,2,42,1,4,,0,0,0,0,0,0,0,0,0,0,0,1,0,0,0,0,0,0,0,0,0,0,0,0,0,0,6,0,0
Hawley,20000801,2,50,1,5,,0,0,0,0,0,0,0,0,0,2,0,0,0,0,0,0,0,0,0,0,0,0,0,0,0,0,21,0,0
Hawley,20000801,2,38,1,20,,0,0,15,0,1,0,0,0,0,2,0,12,0,1,0,0,0,0,0,0,0,0,0,0,0,0,0,0,4
Hawley,20000801,4,76,1,0,,,,,,,,,,,,,,,,,,,,,,,,,,,,,,
Hawley,20000801,4,72,1,0,,,,,,,,,,,,,,,,,,,,,,,,,,,,,,
Hawley,20000801,1,69,1,18,,0,0,0,0,0,0,0,0,0,0,0,2,0,0,0,0,0,0,0,0,0,0,0,0,0,0,4,0,2
Hawley,20000801,2,70,1,5,,0,0,0,0,0,0,0,0,0,0,0,0,0,0,0,0,0,0,0,0,0,1,0,0,0,0,13,0,1
Hawley,20000801,3,31,1,14,,0,0,0,0,0,0,1,0,0,0,0,1,0,0,0,0,0,0,0,0,0,0,0,0,0,0,5,0,0
Hawley,20000801,2,30,1,12,,1,0,0,0,0,0,0,0,0,0,0,0,0,0,0,0,0,0,0,0,0,0,0,0,0,0,9,0,0
Hawley,20000801,1,33,1,0,,,,,,,,,,,,,,,,,,,,,,,,,,,,,,
Hawley,20000801,4,32,1,25,,0,0,0,0,0,0,0,0,0,0,0,0,0,0,0,0,0,0,0,0,0,0,0,0,0,0,0,0,0
Hawley,20000801,4,32,2,25,,0,0,0,0,0,0,0,0,0,0,0,0,0,5,0,0,0,0,0,0,0,0,0,0,0,0,14,0,3
Hawley,20000801,4,32,3,0,,,,,,,,,,,,,,,,,,,,,,,,,,,,,,
Hawley,20000801,1,17,1,4,,0,0,0,0,0,0,0,0,0,0,0,0,0,2,0,0,0,0,0,0,0,0,1,0,0,0,15,0,0
Hawley,20000801,3,19,1,15,,0,0,0,0,1,0,0,0,0,0,0,0,0,0,0,0,0,0,0,0,0,0,0,0,0,0,7,0,1
Hawley,20000801,4,8,1,15,,0,0,0,0,0,0,0,0,0,0,0,0,0,0,0,0,0,0,0,0,0,0,0,0,0,0,3,0,1
Hawley,20000801,4,8,2,6,,0,0,1,0,0,0,0,0,0,0,0,0,0,0,0,0,0,0,0,0,0,0,0,0,0,0,22,0,5
Hawley,20000801,4,8,3,21,,0,4,0,0,0,0,0,0,0,0,0,0,0,0,0,0,0,0,0,0,0,0,0,0,0,0,1,0,4
Hawley,20000801,1,65,1,11,,0,0,0,0,0,0,0,0,0,0,0,1,0,0,0,0,0,0,0,0,0,0,0,0,0,0,13,0,0
Hawley,20000801,3,35,1,7,,0,0,0,0,0,0,0,0,0,0,0,0,0,0,0,0,0,0,0,0,0,0,0,0,0,0,6,0,0
Hawley,20000801,4,64,1,9,,0,0,0,0,0,0,0,0,0,0,0,1,0,0,0,0,0,0,0,0,0,0,0,0,0,0,2,0,0
Hawley,20000801,4,64,2,35,,0,0,0,0,0,0,0,0,0,0,0,0,0,0,0,0,0,0,0,0,0,0,0,0,0,0,6,0,0
Hawley,20000801,4,64,3,15,,0,0,0,0,0,0,0,0,0,0,0,0,0,0,0,0,0,0,0,0,0,0,0,0,0,0,4,0,0
Hawley,20000801,4,40,1,0,,,,,,,,,,,,,,,,,,,,,,,,,,,,,,
Hawley,20000801,1,29,1,8,,0,0,0,0,0,0,0,0,0,0,0,0,0,0,0,0,0,0,0,0,0,0,0,0,0,0,1,0,2
Hawley,20000801,3,39,1,15,,0,0,0,0,0,0,0,0,0,1,0,0,0,0,0,0,0,0,0,0,0,0,0,0,0,0,8,0,0
Hawley,20000801,3,63,1,14,,0,0,0,0,0,0,1,0,0,0,0,0,0,0,0,0,0,0,0,0,0,0,0,0,0,0,0,0,0
Hawley,20000801,2,14,1,7,,0,0,0,0,0,0,0,0,0,0,0,0,0,0,0,0,0,0,0,0,0,0,0,0,0,0,1,0,0
Hawley,20000801,2,66,1,5,,0,0,0,0,0,0,0,0,0,0,0,0,0,0,0,0,0,0,0,0,0,0,0,0,0,0,2,0,0
Hawley,20000801,1,73,1,13,,0,0,0,0,0,0,0,0,0,0,0,1,0,0,0,0,0,0,0,0,0,0,0,0,0,0,18,0,2
Hawley,20000801,2,62,1,0,,,,,,,,,,,,,,,,,,,,,,,,,,,,,,
Hawley,20000801,4,56,1,5,,0,0,0,0,0,0,0,0,0,0,0,0,0,0,0,0,0,0,0,0,0,0,0,0,0,0,0,0,0
Hawley,20000801,3,7,1,5,,0,0,0,0,0,0,0,0,0,0,0,0,0,0,0,0,0,0,0,0,0,0,0,0,0,0,0,0,0
Hawley,20000801,4,28,1,14,,0,0,0,0,0,0,0,0,0,0,0,1,0,0,0,0,0,0,0,0,0,0,0,0,0,0,18,0,1
Hawley,20000801,4,28,2,10,,0,0,0,0,0,0,0,0,0,0,0,2,0,0,0,0,0,0,0,0,0,0,0,0,0,0,12,0,11
Hawley,20000801,4,28,3,7,,0,0,0,0,0,0,0,0,0,0,0,0,0,0,0,0,0,0,0,0,0,0,0,0,0,0,11,0,1
Hawley,20000801,3,27,1,5,,0,0,0,0,0,0,0,0,0,0,0,0,0,0,0,0,0,0,0,0,0,0,0,0,0,0,21,0,0
Hawley,20000801,1,25,1,18,,0,0,0,0,0,0,0,0,0,0,0,0,0,0,0,0,0,0,0,0,0,0,0,0,0,0,1,0,0
Hawley,20000801,4,68,1,7,,0,0,0,0,0,0,0,0,0,0,0,0,0,0,0,0,0,0,0,0,0,0,0,0,0,0,7,0,0
Hawley,20000801,4,68,2,4,,0,0,0,0,0,0,0,0,0,2,0,1,0,0,0,0,0,0,0,0,0,0,0,0,0,0,14,0,5
Hawley,20000801,4,68,3,1,,0,0,0,0,0,0,0,0,0,0,0,0,0,0,0,0,0,0,0,0,0,0,0,0,0,0,1,0,0
Hawley,20000801,4,68,4,0,,,,,,,,,,,,,,,,,,,,,,,,,,,,,,
Hawley,20000801,3,67,1,10,,0,0,0,0,0,0,0,0,0,0,0,0,0,0,0,0,0,0,0,0,0,0,0,0,0,0,4,0,1
Hawley,20000801,3,23,1,9,,0,0,0,0,0,0,0,0,0,0,0,0,0,0,0,0,0,0,0,0,0,0,0,0,0,0,7,0,0
Hawley,20000801,1,61,1,20,,0,0,0,0,1,0,1,0,0,0,0,2,0,5,0,0,0,0,0,0,0,0,0,0,0,0,4,0,27
Hawley,20000801,1,21,1,10,,0,0,0,0,0,0,0,0,0,0,0,0,0,1,0,0,0,0,0,0,0,0,0,0,0,0,4,0,16
Hawley,20000801,2,22,1,16,,0,0,0,0,0,0,0,0,0,0,0,0,0,0,0,0,0,0,0,0,0,0,0,0,0,0,0,0,0
Hawley,20000801,2,26,1,11,,0,0,0,0,0,0,0,0,0,0,0,0,0,1,0,0,0,0,0,0,0,0,0,0,0,0,8,0,2
Hawley,20000801,3,43,1,14,,0,0,0,0,0,0,0,0,0,0,0,0,0,0,0,0,0,0,0,0,0,0,0,0,0,0,1,0,0
Hawley,20000801,2,34,1,0,,,,,,,,,,,,,,,,,,,,,,,,,,,,,,
Hawley,20000808,3,3,1,7,,0,0,0,0,0,0,0,0,0,0,0,0,0,0,0,0,0,0,0,0,0,0,0,0,0,0,8,0,2
Hawley,20000808,4,48,1,7,,0,0,0,0,0,0,0,0,0,0,0,0,0,0,0,0,0,0,0,0,0,0,0,0,0,0,0,0,0
Hawley,20000808,4,48,2,0,,0,0,0,0,0,0,0,0,0,0,0,0,0,0,0,0,0,0,0,0,0,0,0,0,0,0,0,0,0
Hawley,20000808,1,49,1,6,,0,1,0,0,0,0,1,0,0,0,0,0,0,0,0,0,0,0,0,0,0,0,0,0,0,0,0,0,0
Hawley,20000808,2,6,1,0,,,,,,,,,,,,,,,,,,,,,,,,,,,,,,
Hawley,20000808,1,37,1,11,,0,1,0,0,0,0,3,0,0,0,0,0,0,1,0,0,0,0,0,0,0,0,0,0,0,1,3,0,14
Hawley,20000808,1,45,1,7,,0,0,0,0,0,0,0,0,0,0,0,0,0,0,0,0,0,0,0,0,0,0,0,0,0,0,4,0,0
Hawley,20000808,3,47,1,10,,0,0,1,0,0,0,3,0,0,0,0,7,0,0,0,0,0,0,0,0,0,0,0,0,0,0,1,0,12
Hawley,20000808,3,75,1,6,,0,0,0,0,0,0,0,0,0,0,0,0,0,0,0,0,0,0,0,0,0,0,0,1,0,0,1,0,1
Hawley,20000808,1,1,1,17,,0,0,1,0,0,0,0,0,0,0,0,7,0,0,0,0,0,0,0,0,0,0,0,0,0,0,0,5,5
Hawley,20000808,2,78,1,0,,,,,,,,,,,,,,,,,,,,,,,,,,,,,,
Hawley,20000808,3,71,1,8,,0,0,0,0,0,0,0,0,0,1,0,1,0,1,0,0,0,0,0,0,0,0,0,0,0,0,4,0,1
Hawley,20000808,3,15,1,11,,1,0,0,0,0,0,0,0,0,0,0,7,0,0,0,0,0,0,0,0,0,0,0,0,0,0,5,0,2
Hawley,20000808,2,18,1,19,,0,0,1,0,0,0,0,0,0,2,0,2,0,1,0,0,0,0,0,0,0,0,0,0,0,0,0,0,0
Hawley,20000808,3,79,1,15,,0,0,0,0,0,0,0,0,0,0,0,0,0,0,0,0,0,0,0,0,0,0,0,0,0,0,1,0,0
Hawley,20000808,4,80,1,15,,0,0,0,0,0,0,0,0,0,0,0,0,0,0,0,0,0,0,0,0,0,0,0,0,0,0,3,0,0
Hawley,20000808,4,80,2,17,,0,0,0,0,0,0,0,0,0,0,0,0,0,0,0,0,0,0,0,0,0,0,0,0,0,0,32,0,0
Hawley,20000808,4,80,3,25,,0,13,0,0,0,0,0,0,0,0,0,0,0,0,0,0,0,0,0,0,0,0,0,0,0,0,4,0,0
Hawley,20000808,4,52,1,13,,1,0,6,0,0,1,1,0,0,0,0,4,0,0,0,0,0,0,0,0,0,0,0,0,0,0,2,0,1
Hawley,20000808,4,52,2,0,,,,,,,,,,,,,,,,,,,,,,,,,,,,,,
Hawley,20000808,2,74,1,12,,3,0,0,0,0,0,0,0,0,1,0,4,0,0,0,0,0,0,0,0,0,0,0,0,0,0,1,0,0
Hawley,20000808,1,53,1,14,,0,0,0,0,0,0,0,0,0,6,0,4,0,4,0,0,0,0,0,0,0,0,0,0,0,0,1,0,0
Hawley,20000808,4,44,1,13,,0,0,1,0,0,0,0,0,0,0,0,3,0,1,0,0,0,0,0,0,0,0,0,0,0,0,4,0,0
Hawley,20000808,4,20,1,0,,,,,,,,,,,,,,,,,,,,,,,,,,,,,,
Hawley,20000808,4,20,2,8,,0,0,0,0,0,0,0,0,0,0,0,0,0,0,0,0,0,0,0,0,0,0,0,0,0,0,2,0,0
Hawley,20000808,4,16,1,5,,0,0,0,0,0,0,0,0,0,1,0,3,0,0,0,0,0,0,0,0,0,0,0,0,0,0,21,0,5
Hawley,20000808,4,16,2,5,,0,0,0,0,0,0,0,0,0,0,0,0,0,0,0,0,0,0,0,0,0,0,0,0,0,0,4,0,0
Hawley,20000808,4,16,3,5,,0,0,0,0,0,0,0,0,0,0,0,0,0,0,0,0,0,0,0,0,0,0,0,0,0,0,25,0,1
Hawley,20000808,1,77,1,4,,0,0,0,0,0,0,0,0,0,0,0,0,0,0,0,0,0,0,0,0,0,0,0,0,0,0,1,0,1
Hawley,20000808,1,13,1,18,,0,0,0,0,0,0,0,0,0,0,0,0,0,0,0,0,0,0,0,0,0,0,0,0,0,0,1,0,0
Hawley,20000808,3,11,1,10,,0,0,1,0,0,0,0,0,0,1,0,3,0,0,0,0,0,0,0,0,0,0,0,0,0,0,1,0,1
Hawley,20000808,4,4,1,25,,0,0,0,0,0,0,0,0,0,0,0,0,0,0,0,0,0,0,0,0,0,0,0,0,0,0,7,0,1
Hawley,20000808,4,4,2,18,,0,0,0,0,0,0,0,0,0,0,0,0,0,0,0,0,0,0,0,0,0,0,0,0,0,0,0,0,0
Hawley,20000808,4,4,3,0,,,,,,,,,,,,,,,,,,,,,,,,,,,,,,
Hawley,20000808,2,54,1,20,,2,2,0,0,0,0,0,0,0,0,0,1,0,0,0,0,0,0,0,0,0,0,0,0,0,0,1,0,0
Hawley,20000808,3,51,1,16,,0,0,0,0,0,0,1,0,0,0,0,0,0,0,0,0,0,0,0,0,0,0,0,0,0,0,0,0,0
Hawley,20000808,4,12,1,10,,0,0,1,0,0,0,0,0,0,0,0,0,0,0,0,0,0,0,0,0,0,0,0,0,0,0,0,0,0
Hawley,20000808,4,12,2,7.5,,0,0,0,0,0,0,0,0,0,0,0,0,0,0,0,0,0,0,0,0,0,0,0,0,0,0,2,0,0
Hawley,20000808,1,5,1,15,,2,1,0,0,0,0,1,0,0,1,0,2,0,0,0,0,0,0,0,0,0,0,0,0,0,0,9,0,0
Hawley,20000808,1,9,1,5,,0,0,0,0,0,0,0,0,0,0,0,0,0,0,0,0,0,0,0,0,0,0,0,0,0,0,2,0,0
Hawley,20000808,2,10,1,10,,0,0,0,0,0,0,1,0,1,1,0,0,0,0,0,0,0,0,0,0,0,0,0,0,0,0,0,0,0
Hawley,20000808,3,55,1,11,,0,0,0,0,0,0,0,0,0,2,0,7,0,0,0,0,0,0,0,0,0,0,0,0,0,0,6,0,0
Hawley,20000808,2,46,1,3,,0,0,0,0,0,0,0,0,0,0,0,1,0,0,0,0,0,0,0,0,0,0,0,0,0,0,16,0,2
Hawley,20000808,2,58,1,0,,,,,,,,,,,,,,,,,,,,,,,,,,,,,,
Hawley,20000808,1,57,1,0,,,,,,,,,,,,,,,,,,,,,,,,,,,,,,
Hawley,20000808,2,2,1,0,,,,,,,,,,,,,,,,,,,,,,,,,,,,,,
Hawley,20000808,4,36,1,22,,0,0,4,0,0,1,2,0,2,1,0,4,0,0,0,0,0,0,0,0,0,0,0,0,0,0,3,0,4
Hawley,20000808,4,36,2,3,,0,0,0,0,0,0,0,0,0,0,0,8,0,0,0,0,0,0,0,0,0,0,0,0,0,0,1,0,2
Hawley,20000808,4,36,3,0,,,,,,,,,,,,,,,,,,,,,,,,,,,,,,
Hawley,20000808,4,60,1,15,,0,0,1,0,0,0,0,0,0,0,0,4,0,0,0,0,0,0,0,0,0,0,0,0,0,0,6,0,0
Hawley,20000808,3,59,1,9,,0,0,0,0,0,0,1,0,0,5,0,1,0,0,0,0,0,0,0,0,0,0,0,0,0,0,4,0,0
Hawley,20000808,1,41,1,0,,,,,,,,,,,,,,,,,,,,,,,,,,,,,,
Hawley,20000808,2,42,1,0,,0,0,0,0,0,0,0,0,0,0,0,0,0,0,0,0,0,0,0,0,0,0,0,0,0,0,0,0,0
Hawley,20000808,2,50,1,1,,0,0,0,0,0,0,0,0,0,0,0,0,0,0,0,0,0,0,0,0,0,0,0,0,0,0,16,0,0
Hawley,20000808,2,38,1,15,,0,0,0,0,0,0,0,0,0,0,0,6,0,0,0,0,0,0,0,0,0,0,0,0,0,0,2,0,1
Hawley,20000808,4,76,1,0,,,,,,,,,,,,,,,,,,,,,,,,,,,,,,
Hawley,20000808,4,72,1,0,,,,,,,,,,,,,,,,,,,,,,,,,,,,,,
Hawley,20000808,1,69,1,11,,0,0,0,0,0,0,0,0,0,0,0,3,0,0,0,0,0,0,0,0,0,0,0,0,0,0,0,0,9
Hawley,20000808,2,70,1,4,,0,0,1,0,0,0,0,0,0,0,0,0,0,0,0,0,0,0,0,0,0,0,0,0,0,0,31,0,2
Hawley,20000808,3,31,1,5,,0,0,0,0,0,0,0,0,0,0,0,2,0,1,0,0,0,0,0,0,0,0,0,0,0,0,18,0,0
Hawley,20000808,2,30,1,10,,0,0,0,0,0,0,0,0,0,0,0,0,0,0,0,0,0,0,0,0,0,0,0,0,0,0,2,0,0
Hawley,20000808,1,33,1,0,,,,,,,,,,,,,,,,,,,,,,,,,,,,,,
Hawley,20000808,4,32,1,17,,0,0,0,0,0,0,0,0,0,0,0,0,0,0,0,0,0,0,0,0,0,0,0,0,0,0,20,0,0
Hawley,20000808,4,32,2,24,,0,0,0,0,0,0,0,0,0,0,0,0,0,0,0,0,0,0,0,0,0,0,0,0,0,0,26,0,2
Hawley,20000808,4,32,3,0,,,,,,,,,,,,,,,,,,,,,,,,,,,,,,
Hawley,20000808,1,17,1,4,,0,0,0,0,0,0,0,0,0,0,0,0,0,0,0,0,0,0,0,0,0,0,0,0,0,0,23,0,2
Hawley,20000808,3,19,1,15,,0,0,0,0,0,0,2,0,2,0,0,0,0,0,0,0,0,0,0,0,0,0,0,0,0,0,7,0,1
Hawley,20000808,4,8,1,10,,0,0,1,0,0,0,1,0,0,0,0,0,0,0,0,0,0,0,0,0,0,0,0,0,0,0,3,0,0
Hawley,20000808,4,8,2,4,,0,0,0,0,0,0,0,0,0,0,0,0,0,0,0,0,0,0,0,0,0,0,0,0,0,0,1,0,0
Hawley,20000808,4,8,3,24,,0,3,10,0,0,2,0,0,0,0,0,1,0,0,0,0,0,0,0,0,0,0,0,0,0,14,45,0,26
Hawley,20000808,1,65,1,7,,0,0,0,0,0,0,0,0,0,0,0,3,0,0,0,0,0,0,0,0,0,0,0,0,0,2,9,0,3
Hawley,20000808,3,35,1,7,,0,0,0,0,0,0,0,0,0,0,0,0,0,0,0,0,0,0,0,0,0,0,0,0,0,0,7,0,0
Hawley,20000808,4,10,1,0,,,,,,,,,,,,,,,,,,,,,,,,,,,,,,
Hawley,20000808,1,29,1,5,,0,0,0,0,0,0,0,0,0,0,0,0,0,0,0,0,0,0,0,0,0,0,0,0,0,0,1,0,2
Hawley,20000808,3,39,1,10,,1,0,0,0,0,0,0,0,0,0,0,0,0,1,0,0,0,0,0,0,0,0,0,0,0,0,9,0,1
Hawley,20000808,4,64,1,7,,0,0,0,0,0,0,0,0,0,0,0,0,0,0,0,0,0,0,0,0,0,0,1,0,0,0,0,0,1
Hawley,20000808,4,64,2,30,,0,0,0,0,0,0,0,0,0,0,0,0,0,0,0,0,0,0,0,0,0,0,0,0,0,0,0,0,0
Hawley,20000808,4,64,3,14,,0,0,0,0,0,0,0,0,0,0,0,0,0,0,0,0,0,0,0,0,0,0,0,0,0,0,0,0,0
Hawley,20000808,3,63,1,7,,0,0,0,0,0,0,0,0,0,0,0,0,0,0,0,0,0,0,0,0,0,0,0,0,0,0,3,0,0
Hawley,20000808,2,14,1,4,,0,0,0,0,0,0,0,0,0,0,0,0,0,0,0,0,0,0,0,0,0,0,0,0,0,0,0,0,0
Hawley,20000808,2,66,1,5,,0,0,0,0,0,0,0,0,0,0,0,0,0,0,0,0,0,0,0,0,0,0,0,0,0,0,3,0,0
Hawley,20000808,1,73,1,7,,0,0,0,0,0,0,0,0,0,0,0,0,0,0,0,0,0,0,0,0,0,0,0,0,0,2,4,0,0
Hawley,20000808,2,62,1,0,,,,,,,,,,,,,,,,,,,,,,,,,,,,,,
Hawley,20000808,4,56,1,0,,,,,,,,,,,,,,,,,,,,,,,,,,,,,,
Hawley,20000808,3,7,1,0,,,,,,,,,,,,,,,,,,,,,,,,,,,,,,
Hawley,20000808,4,28,1,10,,0,0,0,0,0,0,0,0,0,0,0,1,0,0,0,0,0,0,0,0,0,0,0,0,0,0,18,0,2
Hawley,20000808,4,28,2,5,,0,0,0,0,0,0,0,0,0,0,0,5,0,0,0,0,0,0,0,0,0,0,0,0,0,1,24,0,6
Hawley,20000808,4,28,3,5,,0,0,0,0,0,0,0,0,0,0,0,0,0,4,0,0,0,0,0,0,0,0,0,0,0,1,24,0,1
Hawley,20000808,3,27,1,7,,0,0,0,0,0,0,0,0,0,0,0,0,0,0,0,0,0,0,0,0,0,0,0,0,0,0,61,0,0
Hawley,20000808,1,25,1,12,,0,0,0,0,0,0,1,0,0,0,0,0,0,0,0,0,0,0,0,0,0,0,0,0,0,0,4,0,0
Hawley,20000808,4,68,1,4,,0,0,0,0,0,0,0,0,0,0,0,0,0,0,0,0,0,0,0,0,0,0,0,0,0,1,1,0,0
Hawley,20000808,4,68,2,3,,0,0,0,0,0,0,0,0,0,0,0,0,0,0,0,0,0,0,0,0,0,0,0,0,0,0,9,0,0
Hawley,20000808,4,68,3,1,,0,0,0,0,0,0,0,0,0,0,0,0,0,0,0,0,0,0,0,0,0,0,0,0,0,0,2,0,4
Hawley,20000808,3,23,1,7,,0,0,1,0,1,0,0,0,0,0,0,0,0,2,0,0,0,0,0,0,0,0,0,0,0,4,7,0,11
Hawley,20000808,1,61,1,15,,0,0,0,0,0,0,0,0,0,0,0,3,0,1,0,0,0,0,0,0,0,0,0,0,0,3,13,0,9
Hawley,20000808,1,21,1,7,,0,0,0,0,0,0,1,0,0,0,0,0,0,0,0,0,0,0,0,0,0,0,0,0,0,0,5,0,6
Hawley,20000808,2,22,1,11,,0,0,0,0,0,0,1,0,0,0,0,0,0,0,0,0,0,0,0,0,0,0,0,0,0,0,1,0,0
Hawley,20000808,2,26,1,7,,0,0,0,0,0,0,0,0,0,0,0,0,0,0,0,0,0,0,0,0,0,0,0,0,0,0,9,0,2
Hawley,20000808,4,24,1,11,,0,0,0,0,0,0,0,0,0,0,0,0,0,1,0,0,0,0,0,0,0,0,0,0,0,0,32,0,7
Hawley,20000808,4,24,2,7,,0,0,0,0,0,0,4,0,0,0,0,0,0,0,0,0,0,0,0,0,0,0,0,0,0,1,9,0,0
Hawley,20000808,3,43,1,5,,0,0,0,0,0,0,0,0,0,0,0,0,0,0,0,0,0,0,0,0,0,0,0,0,0,0,8,0,0
Hawley,20000808,2,34,1,0,,,,,,,,,,,,,,,,,,,,,,,,,,,,,,
Hawley,20000814,1,37,1,15,,0,0,0,0,0,0,0,0,0,0,0,0,0,0,0,0,0,0,0,0,0,0,0,0,0,0,8,0,0
Hawley,20000814,3,3,1,7,,0,0,0,0,0,0,0,0,0,0,0,1,0,0,0,0,0,0,0,0,0,0,0,0,0,0,4,0,2
Hawley,20000814,4,48,1,10,,0,0,0,0,0,0,0,0,0,0,0,0,0,0,0,0,0,0,0,0,0,0,0,0,0,0,0,0,0
Hawley,20000814,4,48,2,12,,0,0,0,0,0,0,0,0,0,0,0,0,0,0,0,0,0,0,0,0,0,0,0,0,0,0,1,0,1
Hawley,20000814,1,49,1,10,,0,0,0,0,0,0,0,0,0,0,0,0,0,0,0,0,0,0,0,0,0,0,0,0,0,0,0,0,0
Hawley,20000814,2,6,1,0,,,,,,,,,,,,,,,,,,,,,,,,,,,,,,
Hawley,20000814,1,45,1,7,,0,0,0,0,0,0,0,0,0,0,0,0,0,0,0,0,0,0,0,0,0,0,0,0,0,0,1,0,0
Hawley,20000814,3,47,1,15,,0,0,0,0,2,0,2,0,0,0,0,2,0,0,0,0,0,0,0,0,0,0,0,0,0,0,2,0,4
Hawley,20000814,3,75,1,9,,0,0,0,0,0,0,0,0,0,0,0,0,0,0,0,0,0,0,0,0,0,0,0,0,0,0,0,0,0
Hawley,20000814,1,1,1,16,,0,0,1,0,1,0,0,0,0,0,0,6,0,0,0,0,0,0,0,0,0,0,0,1,0,0,0,0,4
Hawley,20000814,2,78,1,0,,,,,,,,,,,,,,,,,,,,,,,,,,,,,,
Hawley,20000814,3,71,1,9,,0,0,0,0,0,0,0,0,0,1,0,3,0,0,0,0,0,0,0,0,0,0,0,0,0,0,0,0,1
Hawley,20000814,3,15,1,15,,0,0,0,0,0,0,0,0,0,2,0,8,0,0,0,0,0,0,0,0,0,0,0,0,0,0,1,0,4
Hawley,20000814,2,18,1,20,,0,1,2,0,0,0,0,0,0,1,0,0,0,0,0,0,0,0,0,0,0,0,0,0,0,0,0,0,0
Hawley,20000814,3,78,1,16,,0,0,0,0,0,0,0,0,0,0,0,0,0,0,0,0,0,0,0,0,0,0,0,0,0,0,0,0,0
Hawley,20000814,4,80,1,18,,0,0,0,0,0,0,0,0,0,0,0,0,0,0,0,0,0,0,0,0,0,0,0,0,0,0,0,0,2
Hawley,20000814,4,80,2,20,,0,0,0,0,0,0,0,0,0,0,0,0,0,0,0,0,0,0,0,0,0,0,0,0,0,0,3,0,1
Hawley,20000814,4,80,3,40,,0,0,0,0,0,0,0,0,0,0,0,0,0,0,0,0,0,0,0,0,0,0,0,0,0,0,0,0,0
Hawley,20000814,2,74,1,14,,2,0,3,0,0,0,0,0,1,2,0,6,0,1,0,0,0,0,0,0,0,0,0,0,0,0,0,0,0
Hawley,20000814,4,52,1,15,,0,5,3,0,0,0,2,0,0,0,0,2,0,0,0,0,0,0,0,0,0,0,0,0,0,0,0,0,1
Hawley,20000814,4,52,2,10,,0,0,0,0,0,0,0,0,0,0,0,0,0,0,0,0,0,0,0,0,0,0,0,0,0,0,0,0,0
Hawley,20000814,4,52,3,5,,4,0,1,0,0,0,0,0,0,0,0,0,0,0,0,0,0,0,0,0,0,0,0,0,0,0,0,0,0
Hawley,20000814,1,53,1,15,,0,0,0,0,0,0,0,0,1,5,0,0,0,0,0,0,0,0,0,0,0,0,0,0,0,0,0,0,1
Hawley,20000814,4,44,1,21,,0,0,4,0,0,0,0,0,0,4,0,2,0,0,0,0,0,0,0,0,0,0,0,0,0,0,0,0,0
Hawley,20000814,4,20,1,0,,,,,,,,,,,,,,,,,,,,,,,,,,,,,,
Hawley,20000814,4,20,2,10,,0,0,0,0,0,0,0,0,0,0,0,0,0,0,0,0,0,0,0,0,0,0,0,0,0,0,2,0,1
Hawley,20000814,4,16,1,0.5,,0,0,0,0,0,0,0,0,0,0,0,0,0,0,0,0,0,0,0,0,0,0,0,0,0,0,0,0,3
Hawley,20000814,4,16,2,5,,0,0,0,0,0,0,0,0,0,0,0,0,0,0,0,0,0,0,0,0,0,0,0,0,0,0,3,0,0
Hawley,20000814,4,16,3,10,,0,0,0,0,0,0,0,0,0,0,0,0,0,0,0,0,0,0,0,0,0,0,0,0,0,0,1,0,0
Hawley,20000814,1,77,1,3,,0,0,0,0,0,0,0,0,0,0,0,0,0,0,0,0,0,0,0,0,0,0,0,0,0,0,1,0,0
Hawley,20000814,4,12,1,29,,0,0,0,0,0,0,0,0,0,1,0,3,0,0,0,0,0,0,0,0,0,0,0,0,0,0,0,0,0
Hawley,20000814,2,54,1,21,,3,1,0,0,0,0,0,0,0,1,0,3,0,0,0,0,0,0,0,0,0,0,0,0,0,0,0,0,0
Hawley,20000814,1,13,1,22,,0,0,0,0,0,0,0,0,0,0,0,0,0,0,0,0,0,0,0,0,0,0,0,0,0,0,0,0,1
Hawley,20000814,3,11,1,14,,0,0,1,0,0,0,0,0,0,0,0,0,0,0,0,0,0,0,0,0,0,0,0,0,0,0,0,0,0
Hawley,20000814,1,5,1,16,,0,2,0,0,0,0,0,0,0,0,0,6,0,0,0,0,0,0,0,0,0,0,0,0,0,0,0,0,0
Hawley,20000814,2,10,1,11,,0,0,0,0,0,0,0,0,0,0,0,2,0,0,0,0,0,0,0,0,0,0,0,0,0,0,0,0,0
Hawley,20000814,1,9,1,4,,0,0,3,0,0,0,0,0,0,1,0,0,0,0,0,0,0,0,0,0,0,0,0,0,0,0,0,0,0
Hawley,20000814,3,55,1,12,,1,0,3,0,0,0,0,0,0,0,0,2,0,0,0,0,0,0,0,0,0,0,0,0,0,0,2,0,0
Hawley,20000814,2,46,1,3,,0,0,0,0,0,0,0,0,0,0,0,1,0,1,0,0,0,0,0,0,0,0,0,0,0,0,2,0,2
Hawley,20000814,2,58,1,0,,,,,,,,,,,,,,,,,,,,,,,,,,,,,,
Hawley,20000814,1,57,1,0,,,,,,,,,,,,,,,,,,,,,,,,,,,,,,
Hawley,20000814,2,2,1,0,,,,,,,,,,,,,,,,,,,,,,,,,,,,,,
Hawley,20000814,4,36,1,25,,0,0,0,0,0,0,0,0,0,1,0,2,0,0,0,0,0,0,0,0,0,0,0,0,0,0,0,0,1
Hawley,20000814,4,36,2,7,,0,0,0,0,0,0,0,0,0,0,0,1,0,0,0,0,0,0,0,0,0,0,0,0,0,0,0,0,1
Hawley,20000814,4,36,3,5,,0,0,0,0,0,0,0,0,0,0,0,1,0,0,0,0,0,0,0,0,0,0,0,0,0,0,2,0,1
Hawley,20000814,4,60,1,12,,0,0,0,0,0,0,1,0,0,0,0,0,0,0,0,0,0,0,0,0,0,0,0,0,0,0,0,0,0
Hawley,20000814,4,60,2,0,,0,0,0,0,0,0,0,0,0,0,0,0,0,0,0,0,0,0,0,0,0,0,0,0,0,0,0,0,0
Hawley,20000814,3,59,1,7,,0,0,0,0,0,0,0,0,0,0,0,0,0,0,0,0,0,0,0,0,0,0,0,0,0,0,1,0,0
Hawley,20000814,1,41,1,0,,,,,,,,,,,,,,,,,,,,,,,,,,,,,,
Hawley,20000814,2,42,1,1,,0,0,0,0,0,0,0,0,0,0,0,0,0,0,0,0,0,0,0,0,0,0,0,0,0,0,1,0,0
Hawley,20000814,2,38,1,20,,0,0,0,0,0,0,0,0,0,1,0,0,0,1,0,0,0,0,0,0,0,0,0,0,0,0,2,0,0
Hawley,20000814,4,76,1,0,,,,,,,,,,,,,,,,,,,,,,,,,,,,,,
Hawley,20000814,1,69,1,18,,0,0,0,0,0,0,1,0,0,0,0,0,0,1,0,0,0,0,0,0,0,0,0,0,0,0,0,0,13
Hawley,20000814,2,70,1,4,,0,0,0,0,0,0,0,0,0,0,0,0,0,0,0,0,0,0,0,0,0,0,0,0,0,0,1,0,0
Hawley,20000814,4,72,1,0,,,,,,,,,,,,,,,,,,,,,,,,,,,,,,
Hawley,20000814,3,31,1,14,,0,0,0,0,0,0,0,0,2,0,0,0,0,5,0,0,0,0,0,0,0,0,0,0,0,0,1,0,1
Hawley,20000814,2,30,1,10,,0,0,1,0,0,0,0,0,0,0,0,0,0,0,0,0,0,0,0,0,0,0,0,0,0,0,1,0,0
Hawley,20000814,1,33,1,0,,,,,,,,,,,,,,,,,,,,,,,,,,,,,,
Hawley,20000814,4,32,1,23,,0,0,0,0,0,0,0,0,0,0,0,0,0,0,0,0,0,0,0,0,0,0,0,0,0,0,8,0,0
Hawley,20000814,4,32,2,24,,0,0,0,0,0,0,0,0,0,0,0,1,0,2,0,0,0,0,0,0,0,0,0,0,0,0,8,0,9
Hawley,20000814,4,32,3,0,,,,,,,,,,,,,,,,,,,,,,,,,,,,,,
Hawley,20000814,1,17,1,5,,0,0,0,0,0,0,0,0,0,0,0,0,0,0,0,0,0,0,0,0,0,0,0,0,0,0,0,0,0
Hawley,20000814,3,19,1,14,,0,0,1,0,0,0,0,0,0,0,0,0,0,0,0,0,0,0,0,0,0,0,0,0,0,0,6,0,2
Hawley,20000814,4,8,1,14,,0,0,0,0,0,0,0,0,0,0,0,0,0,0,0,0,0,0,0,0,0,0,0,0,0,0,2,0,0
Hawley,20000814,4,8,2,5,,0,0,0,0,0,0,0,0,0,0,0,0,0,0,0,0,0,0,0,0,0,0,0,0,0,0,47,0,0
Hawley,20000814,4,8,3,22,,0,1,3,0,0,0,0,0,0,0,0,0,0,0,0,0,0,0,0,1,0,0,0,0,0,0,6,0,11
Hawley,20000814,1,65,1,10,,0,0,0,0,0,0,0,0,0,0,0,0,0,0,0,0,0,0,0,0,0,0,0,0,0,0,2,0,0
Hawley,20000814,3,39,1,19,,0,0,0,0,0,0,0,0,0,0,0,0,0,0,0,0,0,0,0,0,0,0,0,0,0,0,1,0,0
Hawley,20000814,1,29,1,7,,0,0,0,0,0,0,0,0,0,0,0,0,0,0,0,0,0,0,0,0,0,0,0,0,0,0,1,0,0
Hawley,20000814,4,40,1,0,,,,,,,,,,,,,,,,,,,,,,,,,,,,,,
Hawley,20000814,3,35,1,7,,0,0,0,0,0,0,0,0,1,0,0,0,0,0,0,0,0,0,0,0,0,0,0,0,0,0,3,0,0
Hawley,20000814,4,64,1,11,,0,0,0,0,0,0,0,0,0,0,0,1,0,0,0,0,0,0,0,0,0,0,0,0,0,0,1,0,0
Hawley,20000814,4,64,2,32,,0,0,0,0,0,0,1,0,0,0,0,0,0,0,0,0,0,0,0,0,0,0,1,0,0,0,0,0,0
Hawley,20000814,4,64,3,15,,1,1,0,0,0,0,0,0,1,0,0,0,0,0,0,0,0,0,0,0,0,0,0,0,0,0,0,0,0
Hawley,20000814,3,63,1,12,,0,1,0,0,0,0,0,0,0,0,0,0,0,0,0,0,0,0,0,0,0,0,0,0,0,0,1,0,0
Hawley,20000814,2,14,1,7,,0,0,0,0,0,0,0,0,0,0,0,0,0,0,0,0,0,0,0,0,0,0,0,0,0,0,7,0,0
Hawley,20000814,2,66,1,5,,0,0,0,0,0,0,0,0,0,0,0,0,0,0,0,0,0,0,0,0,0,0,0,0,0,0,1,0,1
Hawley,20000814,1,73,1,7,,0,0,0,0,0,0,0,0,0,0,0,0,0,0,0,0,0,0,0,0,0,0,0,0,0,0,1,0,1
Hawley,20000814,2,62,1,0,,,,,,,,,,,,,,,,,,,,,,,,,,,,,,
Hawley,20000814,4,56,1,0,,,,,,,,,,,,,,,,,,,,,,,,,,,,,,
Hawley,20000814,3,7,1,0,,,,,,,,,,,,,,,,,,,,,,,,,,,,,,
Hawley,20000814,4,28,1,13,,0,0,0,0,0,0,0,0,0,0,0,0,0,0,0,0,0,0,0,0,0,0,0,0,0,0,15,0,1
Hawley,20000814,4,28,2,9,,0,0,0,0,0,0,0,0,0,0,0,0,0,0,0,0,0,0,0,0,0,0,0,0,0,0,18,0,4
Hawley,20000814,4,28,3,6,,0,0,0,0,0,0,0,0,0,0,0,0,0,0,0,0,0,0,0,0,0,0,0,0,0,0,26,0,2
Hawley,20000814,3,27,1,0,,,,,,,,,,,,,,,,,,,,,,,,,,,,,,
Hawley,20000814,1,25,1,18,,0,0,0,0,0,0,0,0,0,0,0,1,0,1,0,0,0,0,0,0,0,0,0,0,0,1,3,0,2
Hawley,20000814,3,67,1,8,,0,0,0,0,0,0,0,0,0,0,0,0,0,0,0,0,0,0,0,0,0,0,0,0,0,0,1,0,0
Hawley,20000814,4,68,1,5,,0,0,0,0,0,0,0,0,0,0,0,0,0,0,0,0,0,0,0,0,0,0,0,0,0,0,1,0,0
Hawley,20000814,4,68,2,4,,0,0,0,0,0,0,0,0,0,0,0,0,0,0,0,0,0,0,0,0,0,0,0,0,0,0,8,0,1
Hawley,20000814,4,68,3,0,,,,,,,,,,,,,,,,,,,,,,,,,,,,,,
Hawley,20000814,3,23,1,12,,0,0,0,0,0,0,0,0,0,0,0,0,0,0,0,0,0,0,0,0,0,0,0,0,0,0,12,0,2
Hawley,20000814,4,24,1,16,,1,0,0,0,0,0,0,0,0,0,0,1,0,1,0,0,0,0,0,0,0,0,0,0,0,1,1,0,3
Hawley,20000814,74,24,2,12,,0,0,0,0,0,0,1,0,0,3,0,0,0,0,0,0,0,0,0,0,0,1,0,0,0,0,1,100,1
Hawley,20000814,2,26,1,10,,0,0,0,0,0,0,1,0,0,0,0,0,0,0,0,0,0,0,0,0,0,0,0,0,0,0,6,0,0
Hawley,20000814,2,22,1,16,,0,0,0,0,0,0,1,0,0,0,0,0,0,0,0,0,0,0,0,0,0,0,0,0,0,0,3,0,3
Hawley,20000814,1,61,1,15,,0,0,0,0,0,0,0,0,2,0,0,2,0,0,0,0,0,0,0,0,0,0,0,0,0,0,15,0,0
Hawley,20000814,1,21,1,8,,0,0,0,0,0,0,0,0,0,0,0,0,0,0,0,0,0,0,0,0,0,0,0,0,0,0,3,0,2
Hawley,20000814,3,43,1,10,,0,0,0,0,0,0,0,0,0,0,0,0,0,0,0,0,0,0,0,0,0,0,0,0,0,0,2,0,0
Hawley,20000814,2,34,1,0,,,,,,,,,,,,,,,,,,,,,,,,,,,,,,
Hawley,20000822,1,37,1,11,,0,0,0,0,1,0,0,0,0,0,0,0,0,1,0,0,0,0,0,0,0,0,0,0,0,0,3,0,0
Hawley,20000822,3,3,1,5,,0,0,0,0,0,0,0,0,0,0,0,0,0,1,0,0,0,0,0,0,0,0,0,0,0,0,3,0,1
Hawley,20000822,1,49,1,7,,0,0,0,0,0,0,0,0,0,0,0,0,0,0,0,0,0,0,0,0,0,0,0,0,0,0,2,0,1
Hawley,20000822,4,48,1,5,,0,0,1,0,0,0,0,0,0,0,0,0,0,0,0,0,0,0,0,0,0,0,0,0,0,0,1,0,0
Hawley,20000822,4,48,2,10,,0,0,0,0,0,0,0,0,0,0,0,0,0,0,0,0,0,0,0,0,0,1,0,0,0,0,0,0,0
Hawley,20000822,4,48,3,5,,0,1,0,0,0,0,0,0,0,0,0,0,0,0,0,0,0,0,0,0,0,1,0,0,0,0,2,0,0
Hawley,20000822,2,6,1,0,,,,,,,,,,,,,,,,,,,,,,,,,,,,,,
Hawley,20000822,1,45,1,0,,0,0,0,0,0,0,0,0,0,0,0,0,0,0,0,0,0,0,0,0,0,0,0,0,0,0,0,0,0
Hawley,20000822,3,47,1,7,,0,0,0,0,0,0,0,0,0,0,0,0,0,1,0,0,0,0,0,0,0,0,0,0,0,1,0,0,1
Hawley,20000822,3,75,1,5,,0,0,0,0,0,0,0,0,0,0,0,0,0,0,0,0,0,0,0,0,0,0,0,0,0,0,1,0,1
Hawley,20000822,1,1,1,15,,0,0,0,0,0,0,0,0,0,0,0,0,0,0,0,0,0,0,0,0,0,0,0,0,0,0,0,0,7
Hawley,20000822,2,78,1,0,,,,,,,,,,,,,,,,,,,,,,,,,,,,,,
Hawley,20000822,3,71,1,7,,0,0,0,0,0,0,0,0,0,5,0,2,0,1,0,0,0,0,0,0,0,0,0,0,0,0,0,0,1
Hawley,20000822,3,15,1,10,,0,0,0,0,0,0,0,0,0,0,0,4,0,1,0,0,0,0,0,0,0,0,0,0,0,0,0,0,2
Hawley,20000822,2,18,1,16,,0,2,1,0,0,0,0,0,0,6,0,4,0,0,0,0,0,0,0,0,0,0,0,0,0,0,0,0,0
Hawley,20000822,3,79,1,11,,0,0,0,0,0,0,0,0,0,2,0,0,0,0,0,0,0,0,0,0,0,0,0,0,0,0,1,0,0
Hawley,20000822,4,80,1,12,,0,0,0,0,0,0,0,0,0,0,0,0,0,0,0,0,0,0,0,0,0,0,0,0,0,0,0,0,0
Hawley,20000822,4,80,2,14,,0,1,0,0,0,0,0,0,0,0,0,0,0,0,0,0,0,0,0,0,0,0,0,0,0,0,7,0,0
Hawley,20000822,4,80,3,31,,0,1,1,0,0,0,0,0,0,1,0,0,0,0,0,0,0,0,0,0,0,0,0,0,0,0,0,0,0
Hawley,20000822,4,80,4,0,,,,,,,,,,,,,,,,,,,,,,,,,,,,,,
Hawley,20000822,4,52,1,11,,0,0,0,0,0,0,0,0,0,0,0,0,0,1,0,0,0,0,0,0,0,0,0,0,0,0,0,0,0
Hawley,20000822,4,52,2,6,,0,0,8,0,0,0,0,0,0,0,0,1,0,0,0,0,0,0,0,0,0,0,0,0,0,0,0,0,0
Hawley,20000822,4,52,3,5,,0,0,1,0,0,0,0,0,0,0,0,1,0,0,0,0,0,0,0,0,0,1,0,0,0,0,0,0,0
Hawley,20000822,2,74,1,10,,2,1,0,0,4,0,0,0,0,0,0,0,0,0,0,0,0,0,0,0,0,0,0,0,0,0,0,0,0
Hawley,20000822,4,44,1,17,,0,0,4,0,0,0,0,0,1,0,0,7,0,0,0,0,0,0,0,0,0,0,0,0,0,0,0,0,0
Hawley,20000822,4,20,1,0,,,,,,,,,,,,,,,,,,,,,,,,,,,,,,
Hawley,20000822,4,20,2,7,,0,1,0,0,0,0,0,0,0,2,0,0,0,0,0,0,0,0,0,0,0,0,0,0,0,0,0,0,0
Hawley,20000822,4,20,3,0,,,,,,,,,,,,,,,,,,,,,,,,,,,,,,
Hawley,20000822,4,16,1,0,,,,,,,,,,,,,,,,,,,,,,,,,,,,,,
Hawley,20000822,4,16,2,5,,0,0,0,0,0,0,0,0,0,0,0,0,0,0,0,0,0,0,0,0,0,0,0,0,0,0,0,0,0
Hawley,20000822,4,16,3,8,,0,1,1,0,0,0,0,0,0,1,0,0,0,1,0,0,0,0,0,0,0,0,1,0,0,0,1,0,0
Hawley,20000822,1,77,1,0,,,,,,,,,,,,,,,,,,,,,,,,,,,,,,
Hawley,20000822,1,13,1,15,,2,0,2,0,0,0,0,0,2,2,0,7,0,0,0,0,0,0,0,0,0,0,0,0,0,0,0,0,0
Hawley,20000822,3,11,1,10,,0,0,0,0,0,0,0,0,0,0,0,2,0,0,0,0,0,0,0,0,0,0,0,0,0,0,0,0,0
Hawley,20000822,4,12,1,7,,0,0,0,0,0,0,0,0,0,0,0,0,0,0,0,0,0,0,0,0,0,0,0,0,0,0,0,0,1
Hawley,20000822,4,12,2,10,,0,0,6,0,0,0,0,0,0,0,0,1,0,2,0,0,0,0,0,0,0,0,1,0,0,0,0,0,5
Hawley,20000822,3,51,1,13,,0,0,0,0,0,0,0,0,0,0,0,0,0,0,0,0,0,0,0,0,0,0,0,0,0,0,0,0,0
Hawley,20000822,2,10,1,6,,0,0,0,0,0,0,0,0,2,1,0,5,0,0,0,0,0,0,0,0,0,0,0,0,0,0,0,0,0
Hawley,20000822,1,9,1,4,,0,1,0,0,0,0,0,0,0,1,0,0,0,0,0,0,0,0,0,0,0,0,0,0,0,0,0,0,0
Hawley,20000822,1,5,1,14,,0,0,5,0,1,0,1,0,0,2,0,1,0,1,0,0,0,0,0,0,0,0,0,0,0,0,0,0,2
Hawley,20000822,2,54,1,158,,0,2,0,0,0,0,0,0,0,1,0,1,0,0,0,0,0,0,0,0,0,0,0,0,0,0,0,0,0
Hawley,20000822,4,4,1,22,,0,0,0,0,0,0,0,0,0,0,0,0,0,0,0,0,0,0,0,0,0,0,0,0,0,0,0,0,1
Hawley,20000822,4,4,2,0,,,,,,,,,,,,,,,,,,,,,,,,,,,,,,
Hawley,20000822,3,55,1,8,,0,0,0,0,0,0,0,0,0,0,0,0,0,0,0,0,0,0,0,0,0,0,0,0,0,0,0,0,0
Hawley,20000822,2,46,1,4,,0,0,0,0,0,0,0,0,0,0,0,0,0,0,0,0,0,0,0,0,0,0,0,0,0,0,1,0,0
Hawley,20000822,2,58,1,0,,,,,,,,,,,,,,,,,,,,,,,,,,,,,,
Hawley,20000822,1,57,1,0,,,,,,,,,,,,,,,,,,,,,,,,,,,,,,
Hawley,20000822,2,2,1,0,,,,,,,,,,,,,,,,,,,,,,,,,,,,,,
Hawley,20000822,4,60,1,14,,0,2,0,0,0,0,0,0,0,4,0,1,0,0,0,0,0,0,0,0,0,0,0,0,0,0,0,0,1
Hawley,20000822,4,60,2,2,,0,0,0,0,0,0,0,0,0,0,0,1,0,0,0,0,0,0,0,0,0,0,0,0,0,0,0,0,0
Hawley,20000822,3,59,1,7,,1,0,1,0,0,0,0,0,0,0,0,2,0,0,0,0,0,0,0,0,0,0,0,0,0,0,0,0,0
Hawley,20000822,4,36,1,24,,0,0,1,0,0,0,0,0,9,2,0,7,0,0,0,0,0,0,0,0,0,0,0,0,0,0,0,0,1
Hawley,20000822,4,36,2,0,,0,0,0,0,0,0,0,0,0,0,0,0,0,0,0,0,0,0,0,0,0,0,0,0,0,0,0,0,0
Hawley,20000822,4,36,3,5,,0,3,1,0,0,0,0,0,1,0,0,0,0,0,0,0,0,0,0,0,0,0,0,0,0,0,1,0,0
Hawley,20000822,1,41,1,0,,,,,,,,,,,,,,,,,,,,,,,,,,,,,,
Hawley,20000822,2,42,1,0,,,,,,,,,,,,,,,,,,,,,,,,,,,,,,
Hawley,20000822,2,50,1,5,,0,0,0,0,0,0,0,0,0,0,0,0,0,0,0,0,0,0,0,0,0,0,0,0,0,0,3,0,0
Hawley,20000822,2,38,1,15,,0,0,0,0,1,0,0,0,0,3,0,2,0,0,0,0,0,0,0,0,0,0,0,0,0,1,0,0,1
Hawley,20000822,4,76,1,0,,,,,,,,,,,,,,,,,,,,,,,,,,,,,,
Hawley,20000822,2,70,1,0,,,,,,,,,,,,,,,,,,,,,,,,,,,,,,
Hawley,20000822,1,69,1,7,,0,0,0,0,0,0,0,0,2,0,0,0,0,2,0,0,0,0,0,0,0,0,0,0,0,0,1,0,12
Hawley,20000822,4,72,1,0,,,,,,,,,,,,,,,,,,,,,,,,,,,,,,
Hawley,20000822,3,31,1,8,,0,0,0,0,0,0,0,0,0,0,0,1,0,0,0,0,0,0,0,0,0,0,0,0,0,0,2,0,2
Hawley,20000822,2,30,1,7,,0,0,0,0,0,0,0,0,0,0,0,0,0,0,0,0,0,0,0,0,0,0,0,0,0,0,0,0,0
Hawley,20000822,1,33,1,0,,,,,,,,,,,,,,,,,,,,,,,,,,,,,,
Hawley,20000822,4,32,1,10,,0,0,0,0,0,0,0,0,0,0,0,1,0,0,0,0,0,0,0,0,0,0,0,0,0,0,2,0,0
Hawley,20000822,4,32,2,0,,,,,,,,,,,,,,,,,,,,,,,,,,,,,,
Hawley,20000822,4,32,3,0,,,,,,,,,,,,,,,,,,,,,,,,,,,,,,
Hawley,20000822,3,19,1,10,,0,0,0,0,0,0,0,0,0,0,0,0,0,0,0,0,0,0,0,0,0,0,0,0,0,0,2,0,0
Hawley,20000822,1,17,1,2,,0,0,0,0,0,0,0,0,0,0,0,0,0,0,0,0,0,0,0,0,0,0,0,0,0,0,0,0,3
Hawley,20000822,4,8,1,7,,0,0,1,0,0,0,0,0,0,0,0,1,0,0,0,0,0,0,0,0,0,0,0,0,0,0,4,0,0
Hawley,20000822,4,8,2,1,,0,0,0,0,0,0,0,0,0,0,0,1,0,0,0,0,0,0,0,0,0,0,0,0,0,0,47,0,0
Hawley,20000822,4,8,3,15,,0,0,0,0,4,0,2,0,0,0,0,0,0,0,0,0,0,0,0,0,0,0,0,0,0,0,19,0,6
Hawley,20000822,3,35,1,5,,0,0,0,0,0,0,0,0,0,0,0,1,0,0,0,0,0,0,0,0,0,0,0,0,0,0,5,0,0
Hawley,20000822,1,65,1,5,,0,0,0,0,0,0,0,0,0,0,0,0,0,0,0,0,0,0,0,0,0,0,0,0,0,0,0,0,1
Hawley,20000822,1,29,1,3,,0,0,0,0,0,0,0,0,0,0,0,0,0,0,0,0,0,0,0,0,0,0,0,0,0,0,4,0,2
Hawley,20000822,3,39,1,7,,0,0,0,0,0,0,0,0,0,0,0,1,0,0,0,0,0,0,0,0,0,0,0,0,0,0,0,0,3
Hawley,20000822,4,40,1,0,,,,,,,,,,,,,,,,,,,,,,,,,,,,,,
Hawley,20000822,4,64,1,0,,0,0,0,0,0,0,0,0,0,0,0,0,0,0,0,0,0,0,0,0,0,0,0,0,0,0,0,0,0
Hawley,20000822,4,64,2,24,,0,0,0,0,0,0,0,0,0,0,0,0,0,0,0,0,0,0,0,0,0,0,0,0,0,0,0,0,1
Hawley,20000822,3,63,1,5,,0,0,0,0,0,0,0,0,0,0,0,0,0,0,0,0,0,0,0,0,0,0,0,0,0,0,0,0,0
Hawley,20000822,2,14,1,3,,0,0,0,0,0,0,0,0,0,0,0,0,0,0,0,0,0,0,0,0,0,0,0,0,0,0,2,0,0
Hawley,20000822,2,66,1,2,,0,0,0,0,0,0,0,0,0,0,0,0,0,0,0,0,0,0,0,0,0,0,0,0,0,0,2,0,0
Hawley,20000822,1,73,1,0,,,,,,,,,,,,,,,,,,,,,,,,,,,,,,
Hawley,20000822,2,62,1,0,,,,,,,,,,,,,,,,,,,,,,,,,,,,,,
Hawley,20000822,4,56,1,0,,,,,,,,,,,,,,,,,,,,,,,,,,,,,,
Hawley,20000822,3,7,1,0,,,,,,,,,,,,,,,,,,,,,,,,,,,,,,
Hawley,20000822,4,28,1,7,,0,0,0,0,0,0,0,0,0,0,0,0,0,0,0,0,0,0,0,0,0,0,0,0,0,0,26,0,1
Hawley,20000822,4,28,2,4,,0,0,0,0,0,0,0,0,0,0,0,0,0,0,0,0,0,0,0,0,0,0,0,0,0,0,12,0,8
Hawley,20000822,4,28,3,3,,0,0,0,0,0,0,0,0,0,0,0,0,0,0,0,0,0,0,0,0,0,0,0,0,0,0,22,0,3
Hawley,20000822,3,27,1,5,,0,0,1,0,0,0,0,0,0,0,0,0,0,0,0,0,0,0,0,0,0,0,0,0,0,0,26,0,2
Hawley,20000822,1,25,1,10,,0,0,0,0,0,0,0,0,0,0,0,0,0,0,0,0,0,0,0,0,0,0,0,0,0,0,3,0,1
Hawley,20000822,4,68,1,2,,0,0,0,0,0,0,0,0,0,0,0,0,0,0,0,0,0,0,0,0,0,0,0,0,0,0,4,0,0
Hawley,20000822,4,68,2,0,,,,,,,,,,,,,,,,,,,,,,,,,,,,,,
Hawley,20000822,4,68,3,0,,,,,,,,,,,,,,,,,,,,,,,,,,,,,,
Hawley,20000822,4,68,4,0,,,,,,,,,,,,,,,,,,,,,,,,,,,,,,
Hawley,20000822,4,68,5,0,,,,,,,,,,,,,,,,,,,,,,,,,,,,,,
Hawley,20000822,3,67,1,4,,0,0,0,0,0,0,0,0,0,0,0,0,0,0,0,0,0,0,0,0,0,0,0,0,0,0,5,0,2
Hawley,20000822,3,23,1,6,,0,0,0,0,0,0,0,0,0,0,0,0,0,3,0,0,0,0,0,0,0,0,0,0,0,0,0,0,1
Hawley,20000822,1,61,1,9,,0,0,0,0,0,0,0,0,0,1,0,0,0,1,0,0,0,0,0,0,0,0,0,0,0,0,32,0,0
Hawley,20000822,2,21,1,5,,0,0,0,0,0,0,0,0,0,0,0,0,0,0,0,0,0,0,0,0,0,0,0,0,0,0,4,0,0
Hawley,20000822,2,22,1,7,,0,0,0,0,0,0,0,0,0,0,0,0,0,0,0,0,0,0,0,0,0,0,0,0,0,0,0,0,9
Hawley,20000822,2,26,1,6,,0,0,0,0,0,0,0,0,0,0,0,0,0,0,0,0,0,0,0,0,0,0,0,0,0,0,9,0,4
Hawley,20000822,3,43,1,5,,0,0,0,0,0,0,0,0,0,0,0,0,0,0,0,0,0,0,0,0,0,0,0,0,0,0,3,0,0
Hawley,20000822,2,34,1,0,,,,,,,,,,,,,,,,,,,,,,,,,,,,,,
Hawley,20000829,1,37,1,9,,0,0,0,0,0,0,0,0,0,0,0,0,0,0,0,0,0,0,0,0,0,0,0,0,0,0,4,0,1
Hawley,20000829,3,3,1,2,,0,0,0,0,0,0,0,0,0,0,0,0,0,0,0,0,0,0,0,0,0,0,0,0,0,0,9,0,0
Hawley,20000829,4,48,1,5,,0,0,0,0,0,0,0,0,0,0,0,1,0,0,0,0,0,0,0,0,0,0,0,0,0,0,3,0,0
Hawley,20000829,4,48,2,8,,0,0,1,0,0,0,0,0,0,0,0,2,0,0,0,0,0,0,0,0,0,0,0,0,0,0,2,0,1
Hawley,20000829,1,49,1,4,,0,0,0,0,0,0,0,0,0,0,0,0,0,0,0,0,0,0,0,0,0,0,0,0,0,0,0,0,0
Hawley,20000829,2,6,1,0,,,,,,,,,,,,,,,,,,,,,,,,,,,,,,
Hawley,20000829,1,45,1,2,,0,0,0,0,0,0,0,0,0,0,0,0,0,1,0,0,0,0,0,0,0,0,0,0,0,0,2,0,1
Hawley,20000829,3,47,1,6,,0,1,14,0,0,0,0,0,3,0,0,1,0,2,0,0,0,0,0,0,0,0,0,0,0,0,2,0,8
Hawley,20000829,3,75,1,6,,0,0,0,0,0,0,0,0,0,0,0,0,0,0,0,0,0,0,0,0,0,0,0,0,0,0,0,0,2
Hawley,20000829,1,1,1,14,,0,0,2,0,0,0,0,0,0,5,0,7,0,0,0,0,0,0,0,0,0,0,0,0,0,0,0,0,7
Hawley,20000829,2,78,1,0,,,,,,,,,,,,,,,,,,,,,,,,,,,,,,
Hawley,20000829,3,71,1,5,,1,0,0,0,0,0,0,0,0,6,0,3,0,0,0,0,0,0,0,0,0,0,0,0,0,0,2,0,3
Hawley,20000829,3,15,1,7,,2,0,0,0,0,0,0,0,0,0,0,1,0,0,0,0,0,0,0,0,0,0,0,0,0,0,0,0,1
Hawley,20000829,2,18,1,15,,0,0,0,0,0,0,0,0,0,0,0,2,0,1,0,0,0,0,0,0,0,0,0,0,0,0,0,0,0
Hawley,20000829,3,79,1,10,,0,0,0,0,0,0,0,0,0,0,0,0,0,0,0,0,0,0,0,0,0,0,0,0,0,0,0,0,0
Hawley,20000829,4,80,1,9,,0,0,5,0,0,0,0,0,0,0,0,6,0,3,0,0,0,0,0,0,0,0,0,0,0,0,0,0,2
Hawley,20000829,4,80,2,9,,0,0,0,0,0,0,0,0,0,0,0,1,0,0,0,0,0,0,0,0,0,0,0,0,0,0,0,0,3
Hawley,20000829,4,80,3,24,,0,0,0,0,0,0,0,0,0,0,0,0,0,0,0,0,0,0,0,0,0,0,0,0,0,0,0,0,1
Hawley,20000829,4,80,4,0,,,,,,,,,,,,,,,,,,,,,,,,,,,,,,
Hawley,20000829,4,52,1,8,,0,3,2,0,0,0,0,0,0,0,0,1,0,1,0,0,0,0,0,0,0,0,0,0,0,0,0,0,1
Hawley,20000829,4,52,2,6,,0,0,8,0,0,0,0,0,0,1,0,0,0,0,0,0,0,0,0,0,0,0,0,0,0,0,0,0,1
Hawley,20000829,4,52,3,5,,0,4,1,0,0,0,0,0,0,0,0,1,0,1,0,0,0,0,0,0,0,1,0,0,0,0,0,0,0
Hawley,20000829,2,74,1,10,,0,0,0,0,0,0,0,0,0,0,0,0,0,0,0,0,0,0,0,0,0,0,0,0,0,0,0,0,0
Hawley,20000829,1,53,1,10,,0,0,2,0,0,0,0,0,7,0,0,0,0,1,0,0,0,0,0,0,0,0,0,0,0,0,0,0,0
Hawley,20000829,4,44,1,14,,0,0,1,0,0,0,0,0,0,0,0,2,0,1,0,0,0,0,0,0,0,0,0,0,0,0,0,0,1
Hawley,20000829,4,20,2,5,,0,0,0,0,0,0,0,0,0,0,0,0,0,0,0,0,0,0,0,0,0,0,0,0,0,0,0,0,4
Hawley,20000829,4,20,1,0,,,,,,,,,,,,,,,,,,,,,,,,,,,,,,
Hawley,20000829,4,20,3,2,,0,0,0,0,0,0,0,0,0,0,0,0,0,0,0,0,0,0,0,0,0,0,0,0,0,0,1,0,0
Hawley,20000829,4,16,1,0,,0,0,0,0,0,0,0,0,0,0,0,0,0,0,0,0,0,0,0,0,0,0,0,0,0,0,0,0,0
Hawley,20000829,4,16,2,3,,0,0,0,0,0,0,0,0,0,0,0,0,0,0,0,0,0,0,0,0,0,0,0,0,0,0,12,0,0
Hawley,20000829,4,16,3,7,,0,0,0,0,0,0,0,0,0,0,0,0,0,0,0,0,0,0,0,0,0,0,0,0,0,0,1,0,0
Hawley,20000829,1,77,1,0,,,,,,,,,,,,,,,,,,,,,,,,,,,,,,
Hawley,20000829,1,13,1,11,,0,0,0,0,0,0,0,0,0,0,0,1,0,1,0,0,0,0,0,0,0,0,1,0,0,0,0,0,0
Hawley,20000829,3,11,1,7,,0,0,0,0,0,0,0,0,0,0,0,2,0,0,0,0,0,0,0,0,0,0,0,0,0,0,0,0,0
Hawley,20000829,4,12,1,6,,0,0,0,0,0,0,0,0,0,0,0,0,0,0,0,0,0,0,0,0,0,0,0,0,0,0,0,0,0
Hawley,20000829,74,12,2,5,,0,0,3,0,0,0,0,0,0,0,0,0,0,0,0,0,0,0,0,0,0,0,0,0,0,4,0,0,0
Hawley,20000829,4,12,3,0,,,,,,,,,,,,,,,,,,,,,,,,,,,,,,
Hawley,20000829,3,51,1,10,,0,0,2,0,0,0,0,0,0,0,0,0,0,0,0,0,0,0,0,0,0,0,0,0,0,0,0,0,0
Hawley,20000829,4,4,1,20,,0,0,0,0,0,0,0,0,0,0,0,3,0,0,0,0,0,0,0,0,0,0,0,0,0,0,0,0,1
Hawley,20000829,4,4,2,0,,,,,,,,,,,,,,,,,,,,,,,,,,,,,,
Hawley,20000829,2,10,1,7,,0,0,0,0,0,0,0,0,0,0,0,0,0,0,0,0,0,0,0,0,0,0,0,0,0,0,0,0,0
Hawley,20000829,1,9,1,4,,0,0,0,0,0,0,0,0,0,0,0,3,0,1,0,0,0,0,0,0,0,0,0,0,0,0,0,0,2
Hawley,20000829,1,5,1,10,,0,1,0,0,0,0,1,0,1,0,0,3,0,0,0,0,0,0,0,0,0,0,0,0,0,0,0,0,1
Hawley,20000829,3,55,1,8,,0,0,1,0,0,0,0,0,0,1,0,1,0,0,0,0,0,0,0,0,0,0,0,0,0,0,0,0,0
Hawley,20000829,2,46,1,0,,0,0,0,0,0,0,0,0,0,0,0,0,0,0,0,0,0,0,0,0,0,0,0,0,0,0,0,0,0
Hawley,20000829,2,58,1,0,,,,,,,,,,,,,,,,,,,,,,,,,,,,,,
Hawley,20000829,1,57,1,0,,,,,,,,,,,,,,,,,,,,,,,,,,,,,,
Hawley,20000829,2,2,1,0,,,,,,,,,,,,,,,,,,,,,,,,,,,,,,
Hawley,20000829,4,60,1,7,,3,1,1,0,0,0,0,0,2,0,0,0,0,0,0,0,0,0,0,0,0,0,0,0,0,0,1,0,0
Hawley,20000829,4,60,2,3,,0,0,0,0,0,0,0,0,0,0,0,0,0,0,0,0,0,0,0,0,0,0,0,0,0,0,2,0,0
Hawley,20000829,3,59,1,6,,0,0,0,0,0,0,0,0,0,2,0,1,0,0,0,0,0,0,0,0,0,0,0,0,0,0,0,0,0
Hawley,20000829,4,36,1,20,,1,0,0,0,0,0,1,0,1,0,0,1,0,1,0,0,0,0,0,0,0,0,0,0,0,0,0,0,1
Hawley,20000829,4,36,2,0,,0,0,0,0,0,0,0,0,0,0,0,0,0,0,0,0,0,0,0,0,0,0,0,0,0,0,0,0,0
Hawley,20000829,4,36,3,4,,0,0,0,0,0,0,0,0,0,0,0,0,0,0,0,0,0,0,0,0,0,0,0,0,0,0,0,0,0
Hawley,20000829,1,41,1,0,,,,,,,,,,,,,,,,,,,,,,,,,,,,,,
Hawley,20000829,2,42,1,0,,,,,,,,,,,,,,,,,,,,,,,,,,,,,,
Hawley,20000829,2,50,1,2,,0,0,0,0,0,0,0,0,0,0,0,0,0,0,0,0,0,0,0,0,0,0,0,0,0,0,1,0,0
Hawley,20000829,2,38,1,14,,0,0,1,0,0,0,0,0,0,0,0,1,0,1,0,0,0,0,0,0,0,0,0,0,0,1,0,0,0
Hawley,20000829,4,76,1,0,,,,,,,,,,,,,,,,,,,,,,,,,,,,,,
Hawley,20000829,1,69,1,5,,1,0,5,0,0,0,0,0,0,0,0,1,0,2,0,0,0,0,0,0,0,0,0,0,0,0,0,0,13
Hawley,20000829,2,70,1,2,,0,0,0,0,0,0,0,0,0,0,0,0,0,2,0,0,0,0,0,0,0,0,0,0,0,0,5,0,8
Hawley,20000829,4,72,1,0,,,,,,,,,,,,,,,,,,,,,,,,,,,,,,
Hawley,20000829,3,31,1,6,,0,0,0,0,0,0,0,0,4,0,0,1,0,2,0,0,0,0,0,0,0,0,0,0,0,0,0,0,5
Hawley,20000829,2,30,1,7,,0,0,1,0,0,0,0,0,1,0,0,0,0,0,0,0,0,0,0,0,0,0,0,0,0,0,1,0,1
Hawley,20000829,1,33,1,0,,,,,,,,,,,,,,,,,,,,,,,,,,,,,,
Hawley,20000829,4,32,1,4,,0,0,0,0,0,0,0,0,0,0,0,0,0,0,0,0,0,0,0,0,0,0,0,0,0,0,0,0,0
Hawley,20000829,4,32,2,0,,,,,,,,,,,,,,,,,,,,,,,,,,,,,,
Hawley,20000829,1,17,1,2,,0,0,0,0,0,0,0,0,0,0,0,0,0,0,0,0,0,0,0,0,0,0,0,0,0,0,0,0,0
Hawley,20000829,3,19,1,7,,0,1,1,0,0,0,0,0,0,0,0,0,0,0,0,0,0,0,0,0,0,0,0,0,0,0,1,0,1
Hawley,20000829,1,65,1,5,,0,0,0,0,0,0,0,0,0,0,0,0,0,0,0,0,0,0,0,0,0,0,0,0,0,0,0,0,1
Hawley,20000829,3,35,1,7,,0,1,0,0,0,0,0,0,0,0,0,0,0,0,0,0,0,0,0,0,0,0,0,0,0,0,1,0,0
Hawley,20000829,1,29,1,2,,0,0,0,0,0,0,0,0,0,0,0,0,0,0,0,0,0,0,0,0,0,0,0,0,0,0,0,0,0
Hawley,20000829,4,40,1,0,,,,,,,,,,,,,,,,,,,,,,,,,,,,,,
Hawley,20000829,3,39,1,4,,0,0,0,0,0,0,0,0,0,0,0,0,0,0,0,0,0,0,0,0,0,0,0,0,0,0,1,0,0
Hawley,20000829,4,64,1,1,,0,2,0,0,0,0,0,0,0,0,0,1,0,0,0,0,0,0,0,0,0,0,0,0,0,0,0,0,1
Hawley,20000829,4,64,2,22,,6,3,0,0,1,0,0,0,0,0,0,2,0,0,0,0,0,0,0,0,0,0,0,0,0,0,0,0,2
Hawley,20000829,4,64,3,10,,1,0,3,0,0,0,0,0,0,0,0,0,0,0,0,0,0,0,0,0,0,0,0,0,0,0,1,0,1
Hawley,20000829,4,8,1,6,,0,0,0,0,0,0,0,0,0,0,0,0,0,0,0,0,0,0,0,0,0,0,0,0,0,0,0,0,1
Hawley,20000829,4,8,2,0,,,,,,,,,,,,,,,,,,,,,,,,,,,,,,
Hawley,20000829,4,8,3,12,,0,3,11,0,0,0,1,0,0,0,0,0,0,0,0,0,0,0,0,0,0,0,0,0,0,0,0,0,19
Hawley,20000829,3,63,1,4,,0,0,0,0,0,0,0,0,0,0,0,0,0,0,0,0,0,0,0,0,0,0,0,0,0,4,0,0,4
Hawley,20000829,2,14,1,0,,,,,,,,,,,,,,,,,,,,,,,,,,,,,,
Hawley,20000829,2,66,1,0,,,,,,,,,,,,,,,,,,,,,,,,,,,,,,
Hawley,20000829,1,73,1,0,,,,,,,,,,,,,,,,,,,,,,,,,,,,,,
Hawley,20000829,2,62,1,0,,,,,,,,,,,,,,,,,,,,,,,,,,,,,,
Hawley,20000829,6,56,1,0,,,,,,,,,,,,,,,,,,,,,,,,,,,,,,
Hawley,20000829,3,7,1,0,,,,,,,,,,,,,,,,,,,,,,,,,,,,,,
Hawley,20000829,4,28,1,5,,0,0,0,0,0,0,0,0,0,1,0,2,0,2,0,0,0,0,0,0,0,0,0,0,0,0,1,0,11
Hawley,20000829,4,28,2,1,,0,0,0,0,0,0,0,0,0,0,0,0,0,2,0,0,0,0,0,0,0,0,0,0,0,0,0,0,12
Hawley,20000829,4,28,3,0,,,,,,,,,,,,,,,,,,,,,,,,,,,,,,
Hawley,20000829,3,27,1,0,,,,,,,,,,,,,,,,,,,,,,,,,,,,,,
Hawley,20000829,1,25,1,8,,0,0,0,0,0,0,0,0,0,0,0,0,0,0,0,0,0,0,0,0,0,0,0,0,0,0,2,0,0
Hawley,20000829,4,68,1,3,,0,0,0,0,0,0,0,0,0,0,0,0,0,0,0,0,0,0,0,0,0,0,0,0,0,1,1,0,0
Hawley,20000829,4,68,2,0,,,,,,,,,,,,,,,,,,,,,,,,,,,,,,
Hawley,20000829,4,68,3,0,,,,,,,,,,,,,,,,,,,,,,,,,,,,,,
Hawley,20000829,4,68,4,0,,,,,,,,,,,,,,,,,,,,,,,,,,,,,,
Hawley,20000829,4,68,5,0,,,,,,,,,,,,,,,,,,,,,,,,,,,,,,
Hawley,20000829,3,67,1,2,,0,0,0,0,0,0,0,0,0,0,0,0,0,0,0,0,0,0,0,0,0,0,0,0,0,0,4,0,0
Hawley,20000829,3,23,1,4,,2,0,0,0,0,0,0,0,1,0,0,1,0,0,0,0,0,0,0,0,0,0,0,0,1,3,5,0,19
Hawley,20000829,1,61,1,10,,0,0,0,0,0,0,0,0,0,0,0,0,0,4,0,0,0,0,0,0,0,0,0,0,0,2,14,0,5
Hawley,20000829,1,21,1,0,,,,,,,,,,,,,,,,,,,,,,,,,,,,,,
Hawley,20000829,4,24,1,7,,0,0,1,0,0,0,0,0,2,3,0,0,0,1,0,0,0,0,0,0,0,0,0,0,0,0,11,0,3
Hawley,20000829,4,24,2,4,,3,0,1,0,0,0,0,0,1,0,0,0,0,0,0,0,0,0,0,0,0,0,0,0,0,0,2,0,0
Hawley,20000829,2,22,1,5,,0,0,0,0,0,0,0,0,0,0,0,0,0,0,0,0,0,0,0,0,0,0,0,0,0,1,2,0,6
Hawley,20000829,2,26,1,5,,0,0,0,0,0,0,0,0,0,3,0,0,0,2,0,0,0,0,0,0,0,0,0,0,0,0,15,0,1
Hawley,20000829,3,43,1,3,,0,0,0,0,0,0,0,0,0,0,0,0,0,1,0,0,0,0,0,0,0,0,0,0,0,0,7,0,0
Hawley,20000829,2,34,1,0,,,,,,,,,,,,,,,,,,,,,,,,,,,,,,
Hawley,20000829,2,54,1,14,,1,0,0,0,0,0,0,0,1,0,0,0,0,0,0,0,0,0,0,0,0,0,0,0,0,0,2,0,2
Hawley,20000904,1,37,1,10,,0,0,1,0,0,0,0,0,0,0,0,0,0,0,0,0,0,0,0,0,0,0,0,0,0,0,1,0,0
Hawley,20000904,3,3,1,2,,0,0,0,0,0,0,0,0,0,0,0,0,0,0,0,0,0,0,0,0,0,0,0,0,0,0,1,0,0
Hawley,20000904,4,48,1,5,,0,0,0,0,0,0,0,0,0,0,0,0,0,0,0,0,0,0,0,0,0,0,0,0,0,0,1,0,3
Hawley,20000904,4,48,2,7,,0,0,14,0,0,0,0,0,0,0,0,0,0,3,0,0,0,0,0,0,0,0,0,0,0,2,0,0,4
Hawley,20000904,1,49,1,4,,0,0,0,0,0,0,0,0,0,0,0,0,0,0,0,0,0,0,0,0,0,0,0,0,0,0,0,0,0
Hawley,20000904,2,6,1,0,,,,,,,,,,,,,,,,,,,,,,,,,,,,,,
Hawley,20000904,1,45,1,2,,0,0,0,0,0,0,0,0,0,0,0,0,0,0,0,0,0,0,0,0,0,0,0,0,0,0,21,0,0
Hawley,20000904,3,47,1,7,,0,0,8,0,0,0,0,0,0,0,0,2,0,2,0,0,0,0,0,0,0,0,0,0,0,0,7,0,3
Hawley,20000904,3,75,1,8,,0,0,3,0,0,0,0,0,0,0,0,0,0,0,0,0,0,0,0,0,0,0,0,0,0,0,1,0,0
Hawley,20000904,1,1,1,15,,0,0,3,0,0,0,0,0,0,0,0,5,0,4,0,0,0,0,0,0,0,0,0,0,0,0,0,0,1
Hawley,20000904,2,78,1,0,,,,,,,,,,,,,,,,,,,,,,,,,,,,,,
Hawley,20000904,3,71,1,7,,0,0,1,0,0,0,0,0,0,0,0,6,0,1,0,0,0,0,0,0,0,0,0,0,0,0,5,0,0
Hawley,20000904,3,15,1,7,,0,0,0,0,0,0,0,0,0,0,0,0,0,0,0,0,0,0,0,0,0,0,0,0,0,0,0,0,0
Hawley,20000904,2,18,1,15,,2,0,2,0,0,0,0,0,0,9,0,0,0,0,0,0,0,0,0,0,0,0,0,0,0,0,0,0,0
Hawley,20000904,4,80,1,8,,0,0,1,0,0,0,0,0,0,0,0,3,0,3,0,0,0,0,0,0,0,0,0,1,0,0,0,0,0
Hawley,20000904,4,80,2,7,,0,0,1,0,0,0,0,0,0,0,0,4,0,0,0,0,0,0,0,0,0,0,0,0,0,0,0,0,0
Hawley,20000904,4,80,3,21,,0,0,1,0,0,0,0,0,0,0,0,0,0,0,0,0,0,0,0,0,0,0,0,0,0,0,0,0,0
Hawley,20000904,4,80,4,3,,2,0,0,0,0,0,0,0,0,0,0,1,0,0,0,0,0,0,0,0,0,0,0,0,0,0,0,0,0
Hawley,20000904,3,79,1,12,,0,0,0,0,0,0,0,0,0,0,0,0,0,0,0,0,0,0,0,0,0,0,0,0,0,0,0,0,1
Hawley,20000904,4,52,1,7,,0,0,4,0,0,0,0,0,0,0,0,2,0,0,0,0,0,0,0,0,0,0,0,0,0,0,0,0,1
Hawley,20000904,4,52,2,5,,0,0,0,0,8,0,0,0,0,0,0,1,0,0,0,0,0,0,0,0,0,0,0,0,0,0,0,0,2
Hawley,20000904,4,52,3,3,,0,0,0,0,0,0,0,0,0,0,0,0,0,0,0,0,0,0,0,0,0,0,0,0,0,0,1,0,0
Hawley,20000904,4,52,4,0,,,,,,,,,,,,,,,,,,,,,,,,,,,,,,
Hawley,20000904,2,74,1,10,,0,0,0,0,7,0,0,0,0,0,0,0,0,0,0,0,0,0,0,0,0,0,0,0,0,0,0,0,1
Hawley,20000904,1,53,1,11,,0,0,3,0,0,0,0,0,0,3,0,3,0,0,0,0,0,0,0,0,0,0,0,0,0,0,0,0,1
Hawley,20000904,4,44,1,11,,0,0,0,0,0,0,0,0,0,1,0,2,0,3,0,0,0,0,0,0,0,0,0,0,0,0,0,0,0
Hawley,20000904,4,44,2,0,,,,,,,,,,,,,,,,,,,,,,,,,,,,,,
Hawley,20000904,4,20,1,0,,,,,,,,,,,,,,,,,,,,,,,,,,,,,,
Hawley,20000904,4,20,2,7,,0,0,0,0,0,0,0,0,0,0,0,0,0,0,0,0,0,0,0,0,0,0,0,0,0,0,0,0,6
Hawley,20000904,4,20,3,2,,0,0,0,0,0,0,0,0,0,0,0,0,0,0,0,0,0,0,0,0,0,0,0,0,0,0,0,0,2
Hawley,20000904,4,16,1,0,,0,0,0,0,0,0,0,0,0,0,0,0,0,0,0,0,0,0,0,0,0,0,0,0,0,0,0,0,0
Hawley,20000904,4,16,2,2,,0,0,0,0,0,0,0,0,0,0,0,0,0,0,0,0,0,0,0,0,0,0,0,0,0,1,64,0,0
Hawley,20000904,4,16,3,6,,0,0,0,0,0,0,0,0,0,0,0,1,0,0,0,0,0,0,0,0,0,0,0,0,0,0,1,0,0
Hawley,20000904,1,77,1,0,,,,,,,,,,,,,,,,,,,,,,,,,,,,,,
Hawley,20000904,1,13,1,12,,1,0,0,0,0,0,0,0,0,2,0,1,0,1,0,0,0,0,0,0,0,0,0,0,0,0,0,0,0
Hawley,20000904,4,12,1,5,,0,0,0,0,0,0,0,0,0,0,0,0,0,0,0,0,0,0,0,0,0,0,0,0,0,0,0,0,0
Hawley,20000904,4,12,2,5,,1,0,3,0,0,0,0,0,0,1,0,0,0,0,0,0,0,0,0,0,0,0,0,0,0,0,0,0,0
Hawley,20000904,4,12,3,0,,,,,,,,,,,,,,,,,,,,,,,,,,,,,,
Hawley,20000904,3,11,1,7,,2,0,2,0,0,0,0,0,0,0,0,2,0,0,0,0,0,0,0,0,0,0,0,0,0,0,0,0,0
Hawley,20000904,3,51,1,11,,0,0,0,0,0,0,0,0,0,0,0,0,0,0,0,0,0,0,0,0,0,0,0,0,0,0,0,0,0
Hawley,20000904,2,54,1,14,,0,0,0,0,0,0,0,0,0,0,0,0,0,0,0,0,0,0,0,0,0,0,0,0,0,0,0,0,0
Hawley,20000904,4,4,1,16,,0,0,0,0,0,0,0,0,0,0,0,0,0,0,0,0,0,0,0,0,0,0,0,0,0,0,0,0,0
Hawley,20000904,4,4,2,0,,,,,,,,,,,,,,,,,,,,,,,,,,,,,,
Hawley,20000904,4,4,3,0,,,,,,,,,,,,,,,,,,,,,,,,,,,,,,
Hawley,20000904,2,10,1,11,,0,0,0,0,0,0,0,0,0,0,0,0,0,0,0,0,0,0,0,0,0,0,0,0,0,0,0,0,0
Hawley,20000904,1,9,1,4,,0,0,1,0,0,0,0,0,0,0,0,3,0,1,0,0,0,0,0,0,0,0,0,0,0,0,0,0,1
Hawley,20000904,1,5,1,10,,0,0,0,0,0,0,0,0,0,0,0,0,0,0,0,0,0,0,0,0,0,0,0,0,0,0,0,0,0
Hawley,20000904,3,55,1,7,,0,0,0,0,0,0,0,0,0,0,0,0,0,0,0,0,0,0,0,0,0,0,0,0,0,0,0,0,0
Hawley,20000904,2,46,1,8,,0,0,0,0,0,0,0,0,0,0,0,0,0,0,0,0,0,0,0,0,0,0,0,0,0,0,5,0,1
Hawley,20000904,2,58,1,0,,,,,,,,,,,,,,,,,,,,,,,,,,,,,,
Hawley,20000904,1,87,1,0,,,,,,,,,,,,,,,,,,,,,,,,,,,,,,
Hawley,20000904,2,2,1,0,,,,,,,,,,,,,,,,,,,,,,,,,,,,,,
Hawley,20000904,4,60,1,7,,0,0,0,0,0,0,0,0,0,0,0,0,0,0,0,0,0,0,0,0,0,0,0,0,0,0,4,0,0
Hawley,20000904,4,60,2,2,,0,0,0,0,0,0,0,0,0,0,0,1,0,0,0,0,0,0,0,0,0,0,0,0,0,0,6,0,0
Hawley,20000904,4,60,3,4,,0,0,0,0,0,0,0,0,0,0,0,1,0,0,0,0,0,0,0,0,0,0,0,0,0,0,56,0,0
Hawley,20000904,3,59,1,5,,0,0,0,0,0,0,0,0,0,0,0,0,0,0,0,0,0,0,0,0,0,0,0,0,0,0,16,0,0
Hawley,20000904,4,36,1,20,,0,0,0,0,0,0,0,0,0,0,0,0,0,0,0,0,0,0,0,0,0,0,0,0,0,0,3,0,2
Hawley,20000904,4,36,2,0,,,,,,,,,,,,,,,,,,,,,,,,,,,,,,
Hawley,20000904,4,36,3,2,,0,0,0,0,0,0,0,0,0,0,0,0,0,0,0,0,0,0,0,0,0,0,0,0,0,0,2,0,0
Hawley,20000904,1,41,1,0,,,,,,,,,,,,,,,,,,,,,,,,,,,,,,
Hawley,20000904,2,42,1,1,,0,0,0,0,0,0,0,0,0,0,0,0,0,0,0,0,0,0,0,0,0,0,0,0,0,0,0,0,0
Hawley,20000904,2,50,1,1,,0,0,0,0,0,0,0,0,0,0,0,0,0,0,0,0,0,0,0,0,0,0,0,0,0,0,0,0,0
Hawley,20000904,2,38,1,15,,1,0,6,0,0,0,0,0,0,15,0,22,0,0,0,0,0,0,0,0,0,0,0,0,0,0,0,0,1
Hawley,20000904,4,76,1,0,,,,,,,,,,,,,,,,,,,,,,,,,,,,,,
Hawley,20000904,1,69,1,5,,0,1,2,0,0,0,0,0,0,1,0,1,0,0,0,0,0,0,0,0,0,0,0,0,0,0,3,0,5
Hawley,20000904,2,70,1,0,,0,0,0,0,0,0,0,0,0,0,0,0,0,0,0,0,0,0,0,0,0,0,0,0,0,0,0,0,0
Hawley,20000904,4,72,1,0,,,,,,,,,,,,,,,,,,,,,,,,,,,,,,
Hawley,20000904,3,31,1,5,,0,0,0,0,0,0,0,0,0,0,0,0,0,0,0,0,0,0,0,0,0,0,0,0,0,0,0,0,0
Hawley,20000904,2,30,1,7,,0,0,0,0,0,0,0,0,0,0,0,0,0,0,0,0,0,0,0,0,0,0,0,0,0,0,0,60,0
Hawley,20000904,1,33,1,0,,,,,,,,,,,,,,,,,,,,,,,,,,,,,,
Hawley,20000904,4,32,1,0,,,,,,,,,,,,,,,,,,,,,,,,,,,,,,
Hawley,20000904,1,17,1,2,,0,0,0,0,0,0,0,0,0,0,0,0,0,0,0,0,0,0,0,0,0,0,0,0,0,0,14,0,0
Hawley,20000904,3,19,1,5,,0,0,0,0,0,0,0,0,0,0,0,0,0,0,0,0,0,0,0,0,0,0,0,0,0,0,0,0,0
Hawley,20000904,4,8,1,5,,0,0,0,0,0,0,0,0,0,0,0,0,0,0,0,0,0,0,0,0,0,0,0,0,0,0,0,0,0
Hawley,20000904,4,8,2,2,,0,0,0,0,0,0,0,0,0,0,0,0,0,0,0,0,0,0,0,0,0,0,0,0,0,0,7,0,0
Hawley,20000904,4,8,3,10,,4,0,0,0,0,0,0,0,0,1,0,0,0,1,0,0,0,0,0,0,0,0,0,0,0,0,2,0,1
Hawley,20000904,1,65,1,4,,0,0,0,0,0,0,0,0,0,0,0,0,0,0,0,0,0,0,0,0,0,0,0,0,0,0,0,0,1
Hawley,20000904,3,35,1,7,,1,0,0,0,0,0,0,0,0,1,0,1,0,0,0,0,0,0,0,0,0,0,0,0,0,0,0,0,0
Hawley,20000904,4,40,1,0,,,,,,,,,,,,,,,,,,,,,,,,,,,,,,
Hawley,20000904,1,29,1,3,,1,0,0,0,0,0,0,0,1,0,0,1,0,0,0,0,0,0,0,0,0,0,0,0,0,0,0,0,1
Hawley,20000904,3,39,1,5,,0,0,0,0,0,0,0,0,0,0,0,0,0,0,0,0,0,0,0,0,0,0,0,0,0,0,0,0,1
Hawley,20000904,4,64,1,4,,0,0,0,0,0,0,0,0,0,0,0,0,0,0,0,0,0,0,0,0,0,0,0,0,0,0,0,0,0
Hawley,20000904,4,64,2,20,,2,0,0,0,0,0,0,0,0,0,0,0,0,1,0,0,0,0,0,0,0,0,0,0,0,0,1,0,2
Hawley,20000904,4,64,3,9,,0,0,0,0,0,0,0,0,0,0,0,0,0,0,0,0,0,0,0,0,0,0,0,0,0,0,0,0,1
Hawley,20000904,3,63,1,4,,0,0,0,0,0,0,0,0,0,0,0,0,0,0,0,0,0,0,0,0,0,0,0,0,0,0,0,0,2
Hawley,20000904,2,14,1,2,,0,0,0,0,0,0,0,0,0,0,0,0,0,0,0,0,0,0,0,0,0,0,0,0,0,0,0,0,0
Hawley,20000904,2,66,1,2,,0,0,0,0,0,0,0,0,0,0,0,0,0,0,0,0,0,0,0,0,0,0,0,0,0,0,1,0,0
Hawley,20000904,1,73,1,0,,,,,,,,,,,,,,,,,,,,,,,,,,,,,,
Hawley,20000904,2,62,1,0,,,,,,,,,,,,,,,,,,,,,,,,,,,,,,
Hawley,20000904,3,7,1,0,,,,,,,,,,,,,,,,,,,,,,,,,,,,,,
Hawley,20000904,4,56,1,0,,,,,,,,,,,,,,,,,,,,,,,,,,,,,,
Hawley,20000904,4,28,1,0,,0,0,0,0,0,0,0,0,0,0,0,0,0,0,0,0,0,0,0,0,0,0,0,0,0,0,0,0,0
Hawley,20000904,4,28,2,2,,0,0,0,0,0,0,0,0,0,0,0,0,0,0,0,0,0,0,0,0,0,0,0,0,0,0,11,0,1
Hawley,20000904,4,28,3,0,,,,,,,,,,,,,,,,,,,,,,,,,,,,,,
Hawley,20000904,3,27,1,1,,0,0,0,0,0,0,0,0,1,0,0,0,0,0,0,0,0,0,0,0,0,0,0,0,0,0,1,0,1
Hawley,20000904,1,25,1,7,,0,0,0,0,0,0,0,0,0,1,0,0,0,2,0,0,0,0,0,0,0,0,0,0,0,0,0,0,5
Hawley,20000904,4,68,1,3,,0,0,0,0,0,0,0,0,0,0,0,0,0,0,0,0,0,0,0,0,0,0,0,0,0,0,0,0,0
Hawley,20000904,4,68,2,0,,,,,,,,,,,,,,,,,,,,,,,,,,,,,,
Hawley,20000904,4,68,3,0,,,,,,,,,,,,,,,,,,,,,,,,,,,,,,
Hawley,20000904,4,68,4,0,,,,,,,,,,,,,,,,,,,,,,,,,,,,,,
Hawley,20000904,4,68,5,1,,0,0,0,0,0,0,0,0,0,0,0,0,0,1,0,0,0,0,0,0,0,0,0,0,0,0,2,0,1
Hawley,20000904,3,67,1,0,,,,,,,,,,,,,,,,,,,,,,,,,,,,,,
Hawley,20000904,3,23,1,3,,0,0,1,0,0,0,0,0,2,1,0,1,0,0,0,0,0,0,0,0,0,0,0,0,0,0,0,0,8
Hawley,20000904,1,61,1,10,,0,0,0,0,0,0,0,0,1,1,0,6,0,3,0,0,0,0,0,0,0,0,0,0,0,0,17,0,6
Hawley,20000904,1,21,1,0,,,,,,,,,,,,,,,,,,,,,,,,,,,,,,
Hawley,20000904,4,24,1,5,,1,0,0,0,0,0,0,0,1,0,0,1,0,1,0,0,0,0,0,0,0,0,0,0,0,0,1,0,7
Hawley,20000904,4,24,2,3,,0,0,0,0,0,0,0,0,0,0,0,0,0,0,0,0,0,0,0,0,0,0,0,0,0,0,0,0,1
Hawley,20000904,2,22,1,5,,0,0,0,0,0,0,0,0,0,0,0,0,0,0,0,0,0,0,0,0,0,0,0,0,0,0,0,0,0
Hawley,20000904,2,26,1,5,,0,0,0,0,0,0,0,0,0,0,0,0,0,0,0,0,0,0,0,0,0,0,0,0,0,0,24,0,0
Hawley,20000904,3,43,1,4,,0,0,0,0,0,0,0,0,0,0,0,0,0,0,0,0,0,0,0,0,0,0,0,0,0,0,6,0,0
Hawley,20000904,2,34,1,0,,,,,,,,,,,,,,,,,,,,,,,,,,,,,,
Hawley,20000911,1,37,1,7,,0,0,1,0,0,0,0,0,0,0,0,0,0,0,0,0,0,0,0,0,0,0,0,0,0,0,0,0,1
Hawley,20000911,3,3,1,1,,0,0,0,0,0,0,0,0,0,0,0,0,0,0,0,0,0,0,0,0,0,0,0,0,0,0,12,0,0
Hawley,20000911,4,48,1,4,,0,0,0,0,0,0,0,0,0,0,0,0,0,0,0,0,0,0,0,0,0,0,0,0,0,0,3,0,0
Hawley,20000911,4,48,2,4,,0,0,0,0,0,0,0,0,0,0,0,0,0,0,0,0,0,0,0,0,0,0,0,0,0,0,0,0,0
Hawley,20000911,1,49,1,3,,0,0,0,0,0,0,0,0,0,0,0,0,0,0,0,0,0,0,0,0,0,0,0,0,0,0,1,0,0
Hawley,20000911,2,6,1,5,,0,1,0,0,1,0,0,0,0,0,0,0,0,2,0,0,0,0,0,0,0,0,0,0,0,0,1,0,24
Hawley,20000911,1,45,1,0.5,,0,0,0,0,0,0,0,0,1,0,0,0,0,0,0,0,0,0,0,0,0,0,0,0,0,0,0,0,0
Hawley,20000911,3,47,1,4,,0,0,0,0,6,0,0,0,0,0,0,1,0,0,0,0,0,0,0,0,0,0,0,0,0,1,0,0,5
Hawley,20000911,3,75,1,6,,0,0,0,0,2,0,0,0,0,0,0,0,0,0,0,0,0,0,0,0,0,0,0,0,0,2,0,0,0
Hawley,20000911,1,1,1,10,,0,1,1,0,2,0,0,0,0,0,0,3,0,3,0,0,0,0,0,0,0,0,0,0,0,1,5,0,3
Hawley,20000911,2,78,1,0,,,,,,,,,,,,,,,,,,,,,,,,,,,,,,
Hawley,20000911,3,71,1,6,,0,0,0,0,1,0,0,0,0,0,0,6,0,2,0,0,0,0,0,0,0,0,0,0,0,1,0,0,4
Hawley,20000911,3,15,1,5,,0,0,0,0,0,0,0,0,0,0,0,1,0,2,0,0,0,0,0,0,0,0,0,0,0,0,1,0,1
Hawley,20000911,2,18,1,10,,0,0,1,0,0,0,0,0,0,6,0,0,0,1,0,0,0,0,0,0,0,0,0,0,0,0,0,0,1
Hawley,20000911,4,80,1,5,,0,0,0,0,0,0,0,0,0,0,0,0,0,0,0,0,0,0,0,0,0,0,0,0,0,0,0,0,0
Hawley,20000911,4,80,2,0,,0,0,0,0,0,0,0,0,0,0,0,0,0,0,0,0,0,0,0,0,0,0,0,0,0,0,0,0,0
Hawley,20000911,4,80,3,14,,1,0,3,0,0,0,0,0,0,2,0,3,0,0,0,0,0,0,0,0,0,0,0,0,0,0,0,0,0
Hawley,20000911,4,80,4,0.5,,0,0,0,0,0,0,0,0,0,0,0,0,0,0,0,0,0,0,0,0,0,0,0,0,0,0,0,0,0
Hawley,20000911,4,52,1,4,,0,0,2,0,0,0,0,0,0,0,0,1,0,0,0,0,0,0,0,0,0,0,0,0,0,0,0,0,1
Hawley,20000911,4,52,2,2,,1,0,2,0,0,0,0,0,0,0,0,2,0,0,0,0,0,0,0,0,0,0,0,0,0,0,0,0,0
Hawley,20000911,4,52,3,0,,,,,,,,,,,,,,,,,,,,,,,,,,,,,,
Hawley,20000911,4,52,4,0,,,,,,,,,,,,,,,,,,,,,,,,,,,,,,
Hawley,20000911,2,74,1,7,,1,1,4,0,0,0,0,0,1,0,0,1,0,0,0,0,0,0,0,0,0,0,0,0,0,0,0,0,0
Hawley,20000911,1,53,1,7,,0,0,4,0,0,0,0,0,0,7,0,1,0,1,0,0,0,0,0,0,0,0,0,0,0,0,0,0,1
Hawley,20000911,4,44,1,7,,0,0,1,0,1,0,0,0,0,5,0,0,0,2,0,0,0,0,0,0,0,0,0,0,0,3,1,0,2
Hawley,20000911,4,44,2,0,,,,,,,,,,,,,,,,,,,,,,,,,,,,,,
Hawley,20000911,4,20,1,0,,,,,,,,,,,,,,,,,,,,,,,,,,,,,,
Hawley,20000911,4,20,2,5,,0,0,1,0,1,0,0,0,0,0,0,1,0,0,0,0,0,0,0,0,0,0,0,0,0,0,0,0,5
Hawley,20000911,4,20,3,0,,,,,,,,,,,,,,,,,,,,,,,,,,,,,,
Hawley,20000911,4,16,1,0,,,,,,,,,,,,,,,,,,,,,,,,,,,,,,
Hawley,20000911,4,16,2,2,,0,0,0,0,0,0,0,0,0,0,0,0,0,1,0,0,0,0,0,0,0,0,0,0,0,0,8,0,0
Hawley,20000911,4,16,3,4,,0,0,0,0,0,0,0,0,0,0,0,0,0,0,0,0,0,0,0,0,0,0,0,0,0,0,1,0,1
Hawley,20000911,1,77,1,0,,,,,,,,,,,,,,,,,,,,,,,,,,,,,,
Hawley,20000911,1,13,1,9,,0,0,0,0,0,0,0,0,0,0,0,0,0,0,0,0,0,0,0,0,0,0,0,0,0,0,0,0,0
Hawley,20000911,4,12,1,4,,0,0,0,0,0,0,0,0,0,0,0,0,0,0,0,0,0,0,0,0,0,0,0,0,0,0,0,0,1
Hawley,20000911,4,12,2,4,,0,0,9,0,0,0,0,0,0,0,0,0,0,0,0,0,0,0,0,0,0,0,0,0,0,0,0,0,4
Hawley,20000911,3,11,1,4,,0,1,3,0,0,0,0,0,0,1,0,3,0,1,0,0,0,0,0,0,0,0,0,0,0,0,0,0,4
Hawley,20000911,3,51,1,6,,0,0,0,0,0,0,0,0,0,0,0,0,0,0,0,0,0,0,0,0,0,0,0,0,0,0,0,0,0
Hawley,20000911,4,4,1,12,,0,2,0,0,0,0,0,0,0,3,0,4,0,0,0,0,0,0,0,0,0,0,0,0,0,2,0,0,2
Hawley,20000911,4,4,2,0,,,,,,,,,,,,,,,,,,,,,,,,,,,,,,
Hawley,20000911,4,4,3,0,,,,,,,,,,,,,,,,,,,,,,,,,,,,,,
Hawley,20000911,2,10,1,7,,0,0,0,0,0,0,0,0,0,0,0,0,0,0,0,0,0,0,0,0,0,0,0,0,0,0,1,0,0
Hawley,20000911,1,9,1,2,,0,0,0,0,0,0,0,0,0,0,0,1,0,0,0,0,0,0,0,0,0,0,0,0,0,0,0,0,0
Hawley,20000911,1,5,1,7,,0,3,0,0,1,0,0,0,0,0,0,0,0,3,0,0,0,0,0,0,0,0,0,0,0,0,0,0,3
Hawley,20000911,3,55,1,5,,0,0,1,0,0,0,0,0,0,3,0,0,0,0,0,0,0,0,0,0,0,0,0,0,0,0,0,0,0
Hawley,20000911,2,46,1,7,,0,0,0,0,0,0,0,0,2,1,0,2,0,1,0,0,0,0,0,0,0,0,0,0,0,0,2,0,1
Hawley,20000911,2,54,1,8,,0,0,1,0,0,0,0,0,0,0,0,1,0,0,0,0,0,0,0,0,0,0,0,0,0,0,0,0,0
Hawley,20000911,2,58,1,0,,,,,,,,,,,,,,,,,,,,,,,,,,,,,,
Hawley,20000911,1,57,1,0,,,,,,,,,,,,,,,,,,,,,,,,,,,,,,
Hawley,20000911,2,2,1,0,,,,,,,,,,,,,,,,,,,,,,,,,,,,,,
Hawley,20000911,4,60,1,5,,1,2,5,0,0,0,0,0,0,0,0,1,0,3,0,0,0,0,0,0,0,0,0,0,0,0,0,0,3
Hawley,20000911,4,60,2,1,,0,0,0,0,0,0,0,0,0,0,0,0,0,1,0,0,0,0,0,0,0,0,0,0,0,0,2,0,1
Hawley,20000911,4,60,3,3,,0,0,0,0,0,0,0,0,0,0,0,0,0,0,0,0,0,0,0,0,0,0,0,0,0,0,136,0,1
Hawley,20000911,3,59,1,5,,0,0,2,0,0,0,0,0,0,2,0,1,0,0,0,0,0,0,0,0,0,0,0,0,0,0,16,0,2
Hawley,20000911,4,36,1,18,,0,2,0,0,0,0,0,0,0,1,0,7,0,15,0,0,0,0,0,0,0,0,0,0,0,0,2,0,5
Hawley,20000911,4,36,2,0,,,,,,,,,,,,,,,,,,,,,,,,,,,,,,
Hawley,20000911,4,36,3,0,,,,,,,,,,,,,,,,,,,,,,,,,,,,,,
Hawley,20000911,1,41,1,0,,,,,,,,,,,,,,,,,,,,,,,,,,,,,,
Hawley,20000911,2,42,1,0,,,,,,,,,,,,,,,,,,,,,,,,,,,,,,
Hawley,20000911,2,50,1,0.5,,0,0,0,0,0,0,0,0,0,0,0,0,0,0,0,0,0,0,0,0,0,0,0,0,0,0,0,0,0
Hawley,20000911,2,38,1,15,,0,0,1,0,0,0,0,0,4,4,0,4,0,0,0,0,0,0,0,0,0,0,0,0,0,0,0,0,1
Hawley,20000911,4,76,1,0,,,,,,,,,,,,,,,,,,,,,,,,,,,,,,
Hawley,20000911,3,79,1,9,,0,0,0,0,0,0,0,0,0,0,0,0,0,0,0,0,0,0,0,0,0,0,0,0,0,0,0,0,1
Hawley,20000911,4,72,1,0,,,,,,,,,,,,,,,,,,,,,,,,,,,,,,
Hawley,20000911,1,69,1,3,,0,0,0,0,0,0,0,0,0,0,0,0,0,1,0,0,0,0,0,0,0,0,0,0,0,0,3,0,7
Hawley,20000911,2,70,1,0,,,,,,,,,,,,,,,,,,,,,,,,,,,,,,
Hawley,20000911,3,31,1,0,,,,,,,,,,,,,,,,,,,,,,,,,,,,,,
Hawley,20000911,2,30,1,4,,0,0,0,0,1,0,0,0,0,0,0,0,0,1,0,0,0,0,0,0,0,0,0,0,0,0,0,0,1
Hawley,20000911,1,33,1,0,,,,,,,,,,,,,,,,,,,,,,,,,,,,,,
Hawley,20000911,4,32,1,0,,,,,,,,,,,,,,,,,,,,,,,,,,,,,,
Hawley,20000911,1,17,1,0,,,,,,,,,,,,,,,,,,,,,,,,,,,,,,
Hawley,20000911,3,19,1,0,,,,,,,,,,,,,,,,,,,,,,,,,,,,,,
Hawley,20000911,4,8,1,4,,0,0,0,0,0,0,0,0,0,0,0,0,0,0,0,0,0,0,0,0,0,0,0,0,0,0,0,0,0
Hawley,20000911,4,8,2,0,,,,,,,,,,,,,,,,,,,,,,,,,,,,,,
Hawley,20000911,4,8,3,5,,0,0,0,0,0,0,0,0,0,0,0,0,0,0,0,0,0,0,0,0,0,0,0,0,0,0,0,0,0
Hawley,20000911,4,8,4,0,,,,,,,,,,,,,,,,,,,,,,,,,,,,,,
Hawley,20000911,1,65,1,0,,,,,,,,,,,,,,,,,,,,,,,,,,,,,,
Hawley,20000911,3,35,1,5,,0,0,1,0,0,0,0,0,0,1,0,2,0,1,0,0,0,0,0,0,0,0,0,0,0,0,0,0,0
Hawley,20000911,1,29,1,0,,,,,,,,,,,,,,,,,,,,,,,,,,,,,,
Hawley,20000911,4,40,1,0,,,,,,,,,,,,,,,,,,,,,,,,,,,,,,
Hawley,20000911,3,39,1,0,,,,,,,,,,,,,,,,,,,,,,,,,,,,,,
Hawley,20000911,4,64,1,2,,0,0,0,0,0,0,0,0,0,0,0,0,0,0,0,0,0,0,0,0,0,0,0,0,0,0,0,0,1
Hawley,20000911,4,64,2,15,,0,4,0,0,0,0,0,0,0,0,0,0,0,0,0,0,0,0,0,0,0,0,0,0,0,0,0,0,3
Hawley,20000911,4,64,3,7,,0,0,0,0,0,0,0,0,0,0,0,0,0,0,0,0,0,0,0,0,0,0,0,0,0,0,0,0,0
Hawley,20000911,3,63,1,0,,,,,,,,,,,,,,,,,,,,,,,,,,,,,,
Hawley,20000911,2,14,1,0,,,,,,,,,,,,,,,,,,,,,,,,,,,,,,
Hawley,20000911,2,66,1,0,,,,,,,,,,,,,,,,,,,,,,,,,,,,,,
Hawley,20000911,1,73,1,0,,,,,,,,,,,,,,,,,,,,,,,,,,,,,,
Hawley,20000911,2,62,1,0,,,,,,,,,,,,,,,,,,,,,,,,,,,,,,
Hawley,20000911,4,56,1,0,,,,,,,,,,,,,,,,,,,,,,,,,,,,,,
Hawley,20000911,3,7,1,0,,,,,,,,,,,,,,,,,,,,,,,,,,,,,,
Hawley,20000911,4,28,1,0,,,,,,,,,,,,,,,,,,,,,,,,,,,,,,
Hawley,20000911,4,28,2,0,,,,,,,,,,,,,,,,,,,,,,,,,,,,,,
Hawley,20000911,4,28,3,0,,,,,,,,,,,,,,,,,,,,,,,,,,,,,,
Hawley,20000911,3,27,1,0,,,,,,,,,,,,,,,,,,,,,,,,,,,,,,
Hawley,20000911,1,25,1,4,,0,0,0,0,0,0,0,0,0,0,0,0,0,0,0,0,0,0,0,0,0,0,0,0,0,0,0,0,2
Hawley,20000911,4,68,1,2,,0,0,0,0,0,0,0,0,0,0,0,0,0,0,0,0,0,0,0,0,0,0,0,0,0,0,0,0,2
Hawley,20000911,4,68,2,0,,,,,,,,,,,,,,,,,,,,,,,,,,,,,,
Hawley,20000911,4,68,3,0,,,,,,,,,,,,,,,,,,,,,,,,,,,,,,
Hawley,20000911,4,68,4,0,,,,,,,,,,,,,,,,,,,,,,,,,,,,,,
Hawley,20000911,4,68,5,0,,,,,,,,,,,,,,,,,,,,,,,,,,,,,,
Hawley,20000911,3,67,1,2,,0,0,0,0,0,0,0,0,0,0,0,0,0,0,0,0,0,0,0,0,0,0,0,0,0,0,9,0,1
Hawley,20000911,3,23,1,0,,,,,,,,,,,,,,,,,,,,,,,,,,,,,,
Hawley,20000911,1,61,1,4,,0,0,0,0,0,0,0,0,0,2,0,0,0,4,0,0,0,0,0,0,0,0,0,0,0,0,8,0,4
Hawley,20000911,1,21,1,0,,,,,,,,,,,,,,,,,,,,,,,,,,,,,,
Hawley,20000911,4,24,1,4,,0,0,1,0,0,0,0,0,0,0,0,2,0,3,0,0,0,0,0,0,0,0,0,0,0,0,2,0,4
Hawley,20000911,4,24,2,0,,,,,,,,,,,,,,,,,,,,,,,,,,,,,,
Hawley,20000911,2,22,1,0,,,,,,,,,,,,,,,,,,,,,,,,,,,,,,
Hawley,20000911,2,26,1,2,,0,0,0,0,0,0,0,0,0,0,0,3,0,0,0,0,0,0,0,0,0,0,0,0,0,0,30,0,1
Hawley,20000911,3,43,1,0.5,,0,0,0,0,0,0,0,0,0,0,0,0,0,0,0,0,0,0,0,0,0,0,0,0,0,0,0,0,0
Hawley,20000911,2,34,1,0,,,,,,,,,,,,,,,,,,,,,,,,,,,,,,
Hawley,20000918,1,37,1,12,,0,0,0,0,0,0,0,0,0,0,0,0,0,0,0,0,0,0,0,0,0,0,0,0,0,0,6,0,1
Hawley,20000918,3,3,1,4,,0,0,0,0,0,0,0,0,0,0,0,0,0,0,0,0,0,0,0,0,0,0,0,0,0,0,5,0,0
Hawley,20000918,4,48,1,8,,0,0,0,0,0,0,0,0,0,0,0,0,0,0,0,0,0,0,0,0,0,0,0,0,0,0,3,0,2
Hawley,20000918,4,48,2,12,,0,0,0,0,3,0,0,0,0,0,0,0,0,1,0,0,0,0,0,0,0,0,0,0,0,0,1,0,0
Hawley,20000918,1,49,1,5,,0,0,0,0,0,0,0,0,0,0,0,0,0,0,0,0,0,0,0,0,0,0,0,0,0,0,1,0,0
Hawley,20000918,2,6,1,15,,0,0,0,0,2,0,0,0,0,3,0,12,0,5,0,0,0,0,0,0,0,0,0,0,0,0,0,0,17
Hawley,20000918,1,45,1,5,,0,0,0,0,0,0,0,0,0,0,0,0,0,1,0,0,0,0,0,0,0,0,0,0,0,0,2,0,2
Hawley,20000918,3,75,1,0,,,,,,,,,,,,,,,,,,,,,,,,,,,,,,
Hawley,20000918,3,47,1,10,,0,0,0,0,4,0,0,0,0,0,0,3,0,4,0,0,0,0,0,0,0,0,0,0,0,0,0,0,2
Hawley,20000918,1,1,1,19,,0,0,0,0,1,0,0,0,0,0,0,0,0,2,0,0,0,0,0,0,0,0,0,0,0,1,0,0,2
Hawley,20000918,2,78,1,0,,,,,,,,,,,,,,,,,,,,,,,,,,,,,,
Hawley,20000918,3,71,1,6,,0,0,0,0,1,0,0,0,0,0,0,0,0,0,0,0,0,0,0,0,0,0,0,0,0,0,2,0,0
Hawley,20000918,3,15,1,15,,0,0,0,0,0,0,0,0,0,0,0,0,0,0,0,0,0,0,0,0,0,0,0,0,0,0,0,0,0
Hawley,20000918,2,18,1,20,,0,0,1,0,0,0,0,0,0,0,0,4,0,0,0,0,0,0,0,0,0,0,0,0,0,0,0,0,2
Hawley,20000918,3,79,1,15,,0,0,0,0,0,0,0,0,0,0,0,0,0,0,0,0,0,0,0,0,0,0,0,0,0,0,0,0,0
Hawley,20000918,4,80,1,14,,0,0,0,0,0,0,0,0,0,0,0,0,0,0,0,0,0,0,0,0,0,0,0,0,0,0,0,0,0
Hawley,20000918,4,80,2,17,,0,0,0,0,0,0,0,0,0,0,0,0,0,0,0,0,0,0,0,0,0,0,0,0,0,0,2,0,0
Hawley,20000918,4,80,3,37,,0,0,2,0,0,0,0,0,0,0,0,0,0,0,0,0,0,0,0,0,0,0,0,0,0,0,0,0,0
Hawley,20000918,4,80,4,9,,0,0,0,0,0,0,0,0,0,0,0,0,0,0,0,0,0,0,0,0,0,0,0,0,0,0,0,0,1
Hawley,20000918,4,52,1,12,,0,0,0,0,3,0,0,0,0,2,0,3,0,1,0,0,0,0,0,0,0,0,0,0,0,0,0,0,1
Hawley,20000918,4,52,2,7,,0,0,2,0,0,0,0,0,0,0,0,1,0,0,0,0,0,0,0,0,0,0,0,0,0,0,0,0,0
Hawley,20000918,4,52,3,4,,0,0,1,0,0,0,0,0,0,0,0,1,0,0,0,0,0,0,0,0,0,0,0,0,0,0,0,0,0
Hawley,20000918,4,52,4,0,,,,,,,,,,,,,,,,,,,,,,,,,,,,,,
Hawley,20000918,2,74,1,11,,1,0,6,0,0,0,0,0,0,2,0,0,0,0,0,0,0,0,0,0,0,0,0,0,0,0,1,0,0
Hawley,20000918,1,53,1,14,,0,0,0,0,0,0,0,0,0,1,0,0,0,0,0,0,0,0,0,0,0,0,0,0,0,0,0,0,1
Hawley,20000918,4,44,1,13,,0,0,0,0,0,0,0,0,0,0,0,0,0,0,0,0,0,0,0,0,0,0,0,0,0,0,0,0,0
Hawley,20000918,4,44,2,2,,5,0,0,0,0,0,0,0,0,2,0,1,0,0,0,0,0,0,0,0,0,0,0,0,0,1,0,0,2
Hawley,20000918,4,20,1,0,,,,,,,,,,,,,,,,,,,,,,,,,,,,,,
Hawley,20000918,4,20,2,10,,3,0,0,0,0,0,0,0,0,1,0,0,0,0,0,0,0,0,0,0,0,0,0,0,0,0,0,0,6
Hawley,20000918,4,20,3,4,,0,0,0,0,0,0,0,0,0,0,0,0,0,0,0,0,0,0,0,0,0,0,0,0,0,0,1,0,0
Hawley,20000918,4,20,4,0,,,,,,,,,,,,,,,,,,,,,,,,,,,,,,
Hawley,20000918,4,16,1,0,,,,,,,,,,,,,,,,,,,,,,,,,,,,,,
Hawley,20000918,4,16,2,4,,0,0,0,0,0,0,0,0,0,0,0,0,0,0,0,0,0,0,0,0,0,0,0,0,0,0,5,0,0
Hawley,20000918,4,16,3,9,,0,0,0,0,0,0,0,0,0,0,0,0,0,0,0,0,0,0,0,0,0,0,0,0,0,1,1,0,0
Hawley,20000918,1,77,1,0,,,,,,,,,,,,,,,,,,,,,,,,,,,,,,
Hawley,20000918,4,12,1,9,,0,0,0,0,0,0,0,0,0,0,0,0,0,0,0,0,0,0,0,0,0,0,0,0,0,0,0,0,0
Hawley,20000918,4,12,2,10,,0,0,0,0,0,0,0,0,0,0,0,0,0,0,0,0,0,0,0,0,0,0,0,0,0,0,0,0,0
Hawley,20000918,3,11,1,14,,2,0,0,0,0,0,0,0,0,0,0,4,0,2,0,0,0,0,0,0,0,0,0,0,0,0,0,0,2
Hawley,20000918,4,4,1,24,,1,0,3,0,0,0,0,0,0,0,0,1,0,0,0,0,0,0,0,0,0,0,0,0,0,0,0,0,0
Hawley,20000918,4,4,2,0,,,,,,,,,,,,,,,,,,,,,,,,,,,,,,
Hawley,20000918,4,4,3,4,,0,0,0,0,0,0,0,0,0,0,0,0,0,0,0,0,0,0,0,0,0,0,0,0,0,0,0,0,0
Hawley,20000918,2,54,1,18,,0,0,0,0,0,0,0,0,0,0,0,0,0,0,0,0,0,0,0,0,0,0,0,0,0,0,1,0,0
Hawley,20000918,3,51,1,0,,,,,,,,,,,,,,,,,,,,,,,,,,,,,,
Hawley,20000918,2,10,1,9,,0,0,0,0,0,0,0,0,0,1,0,0,0,0,0,0,0,0,0,0,0,0,0,0,0,0,0,0,0
Hawley,20000918,1,9,1,4,,0,0,0,0,0,0,0,0,0,0,0,0,0,1,0,0,0,0,0,0,0,0,0,0,0,0,0,0,0
Hawley,20000918,1,5,1,15,,1,0,2,0,0,0,0,0,0,0,0,3,0,0,0,0,0,0,0,0,0,0,0,0,0,0,0,0,0
Hawley,20000918,3,55,1,12,,0,0,0,0,0,0,0,0,0,0,0,0,0,0,0,0,0,0,0,0,0,0,0,0,0,0,0,0,0
Hawley,20000918,2,46,1,30,,0,0,0,0,0,0,0,0,0,4,0,2,0,2,0,0,0,0,0,0,0,0,0,0,0,0,0,0,0
Hawley,20000918,2,58,1,0,,,,,,,,,,,,,,,,,,,,,,,,,,,,,,
Hawley,20000918,1,57,1,0,,,,,,,,,,,,,,,,,,,,,,,,,,,,,,
Hawley,20000918,2,2,1,0,,,,,,,,,,,,,,,,,,,,,,,,,,,,,,
Hawley,20000918,4,36,1,22,,0,0,2,0,1,0,0,0,0,4,0,3,0,2,0,0,0,0,0,0,0,0,0,0,0,0,0,0,0
Hawley,20000918,4,36,2,0,,,,,,,,,,,,,,,,,,,,,,,,,,,,,,
Hawley,20000918,4,36,3,0,,,,,,,,,,,,,,,,,,,,,,,,,,,,,,
Hawley,20000918,4,60,1,13,,0,0,0,0,0,0,0,0,0,0,0,2,0,2,0,0,0,0,0,0,0,0,0,0,0,0,0,0,0
Hawley,20000918,4,60,2,4,,0,0,0,0,0,0,0,0,0,0,0,0,0,0,0,0,0,0,0,0,0,0,0,0,0,0,12,0,0
Hawley,20000918,4,60,3,4,,0,0,0,0,0,0,0,0,0,0,0,0,0,1,0,0,0,0,0,0,0,0,0,0,0,0,38,0,0
Hawley,20000918,3,59,1,7,,0,0,0,0,0,0,0,0,0,1,0,0,0,0,0,0,0,0,0,0,0,0,0,0,0,0,3,0,0
Hawley,20000918,1,41,1,0,,,,,,,,,,,,,,,,,,,,,,,,,,,,,,
Hawley,20000918,2,42,1,3,,0,0,0,0,0,0,0,0,0,0,0,0,0,0,0,0,0,0,0,0,0,0,0,0,0,0,7,0,0
Hawley,20000918,2,50,1,0,,,,,,,,,,,,,,,,,,,,,,,,,,,,,,
Hawley,20000918,2,38,1,20,,0,0,8,0,0,0,0,0,0,2,0,20,0,17,0,0,0,0,0,0,0,0,0,0,0,0,0,0,0
Hawley,20000918,4,26,1,0,,,,,,,,,,,,,,,,,,,,,,,,,,,,,,
Hawley,20000918,1,69,1,14,,0,0,0,0,0,0,0,0,0,0,0,0,0,0,0,0,0,0,0,0,0,0,0,0,0,0,8,0,0
Hawley,20000918,2,70,1,3,,0,0,0,0,0,0,0,0,0,0,0,0,0,0,0,0,0,0,0,0,0,0,0,0,0,0,0,0,0
Hawley,20000918,4,72,1,0,,,,,,,,,,,,,,,,,,,,,,,,,,,,,,
Hawley,20000918,3,31,1,10,,0,0,0,0,0,0,0,0,0,0,0,0,0,0,0,0,0,0,0,0,0,0,0,0,0,0,0,0,0
Hawley,20000918,2,30,1,7,,0,0,0,0,0,0,0,0,0,0,0,0,0,0,0,0,0,0,0,0,0,0,0,0,0,0,0,0,0
Hawley,20000918,1,33,1,0,,,,,,,,,,,,,,,,,,,,,,,,,,,,,,
Hawley,20000918,4,32,1,0,,,,,,,,,,,,,,,,,,,,,,,,,,,,,,
Hawley,20000918,3,19,1,14,,0,0,0,0,0,0,0,0,0,0,0,0,0,0,0,0,0,0,0,0,0,0,0,0,0,0,1,0,0
Hawley,20000918,1,17,1,4,,0,0,0,0,0,0,0,0,0,0,0,0,0,0,0,0,0,0,0,0,0,0,0,0,0,0,0,0,0
Hawley,20000918,4,8,1,12,,0,0,0,0,0,0,0,0,0,0,0,0,0,0,0,0,0,0,0,0,0,0,0,0,0,0,0,0,0
Hawley,20000918,4,8,2,47,,0,0,0,0,0,0,0,0,0,0,0,0,0,0,0,0,0,0,0,0,0,0,0,0,0,0,8,0,0
Hawley,20000918,4,8,3,15,,0,0,1,0,1,0,0,0,0,0,0,1,0,0,0,0,0,0,0,0,0,0,0,0,0,0,1,0,0
Hawley,20000918,4,8,4,2,,0,0,0,0,0,0,0,0,0,0,0,0,0,0,0,0,0,0,0,0,0,0,0,0,0,0,1,0,0
Hawley,20000918,1,65,1,0,,,,,,,,,,,,,,,,,,,,,,,,,,,,,,
Hawley,20000918,4,40,1,0,,,,,,,,,,,,,,,,,,,,,,,,,,,,,,
Hawley,20000918,3,35,1,5,,2,0,1,0,0,0,0,0,0,3,0,2,0,1,0,0,0,0,0,0,0,0,0,0,0,0,0,0,0
Hawley,20000918,1,29,1,5,,0,0,0,0,0,0,0,0,0,0,0,0,0,0,0,0,0,0,0,0,0,0,0,0,0,0,0,0,0
Hawley,20000918,3,39,1,11,,0,0,0,0,0,0,0,0,0,0,0,0,0,0,0,0,0,0,0,0,0,0,0,0,0,0,0,0,0
Hawley,20000918,4,64,1,10,,0,0,1,0,0,0,0,0,0,1,0,2,0,2,0,0,0,0,0,0,0,0,0,0,0,0,1,0,0
Hawley,20000918,4,64,2,33,,0,0,1,0,2,0,0,0,0,0,0,1,0,2,0,0,0,0,0,0,0,0,0,0,0,0,0,0,3
Hawley,20000918,4,64,3,14,,0,0,0,0,0,0,0,0,0,0,0,2,0,1,0,0,0,0,0,0,0,0,0,0,0,0,1,0,0
Hawley,20000918,3,63,1,0,,,,,,,,,,,,,,,,,,,,,,,,,,,,,,
Hawley,20000918,2,14,1,0,,,,,,,,,,,,,,,,,,,,,,,,,,,,,,
Hawley,20000918,2,66,1,0,,,,,,,,,,,,,,,,,,,,,,,,,,,,,,
Hawley,20000918,1,73,1,0,,,,,,,,,,,,,,,,,,,,,,,,,,,,,,
Hawley,20000918,2,62,1,0,,,,,,,,,,,,,,,,,,,,,,,,,,,,,,
Hawley,20000918,4,56,1,0,,,,,,,,,,,,,,,,,,,,,,,,,,,,,,
Hawley,20000918,3,7,1,0,,,,,,,,,,,,,,,,,,,,,,,,,,,,,,
Hawley,20000918,4,28,1,0,,,,,,,,,,,,,,,,,,,,,,,,,,,,,,
Hawley,20000918,4,28,2,7,,0,0,0,0,0,0,0,0,0,0,0,0,0,0,0,0,0,0,0,0,0,0,0,0,0,0,0,0,0
Hawley,20000918,4,28,3,0,,,,,,,,,,,,,,,,,,,,,,,,,,,,,,
Hawley,20000918,3,27,1,0,,,,,,,,,,,,,,,,,,,,,,,,,,,,,,
Hawley,20000918,1,25,1,10,,0,0,0,0,0,0,0,0,0,0,0,1,0,0,0,0,0,0,0,0,0,0,0,0,0,0,3,0,1
Hawley,20000918,4,68,1,2,,0,0,0,0,0,0,0,0,0,0,0,0,0,0,0,0,0,0,0,0,0,0,0,0,0,0,0,0,0
Hawley,20000918,4,68,2,2,,0,0,0,0,0,0,0,0,0,0,0,0,0,0,0,0,0,0,0,0,0,0,0,0,0,0,0,0,0
Hawley,20000918,4,68,3,0,,,,,,,,,,,,,,,,,,,,,,,,,,,,,,
Hawley,20000918,4,68,4,2,,0,0,0,0,0,0,0,0,0,0,0,0,0,0,0,0,0,0,0,0,0,0,0,0,0,0,0,0,0
Hawley,20000918,4,68,5,2,,0,0,0,0,0,0,0,0,0,0,0,0,0,0,0,0,0,0,0,0,0,0,0,0,0,0,0,0,0
Hawley,20000918,3,67,1,0,,,,,,,,,,,,,,,,,,,,,,,,,,,,,,
Hawley,20000918,1,21,1,0,,,,,,,,,,,,,,,,,,,,,,,,,,,,,,
Hawley,20000918,1,61,1,12,,0,0,0,0,1,0,0,0,0,0,0,0,0,4,0,0,0,0,0,0,0,0,0,0,0,0,2,0,2
Hawley,20000918,3,23,1,7,,0,0,0,0,0,0,0,0,0,0,0,0,0,0,0,0,0,0,0,0,0,0,0,0,0,0,0,0,0
Hawley,20000918,4,24,1,10,,0,0,0,0,0,0,0,0,0,0,0,0,0,0,0,0,0,0,0,0,0,0,0,0,0,0,0,0,0
Hawley,20000918,4,24,2,5,,0,0,0,0,0,0,0,0,0,0,0,0,0,0,0,0,0,0,0,0,0,0,0,0,0,0,0,0,0
Hawley,20000918,2,22,1,13,,0,0,0,0,0,0,0,0,0,0,0,0,0,0,0,0,0,0,0,0,0,0,0,0,0,0,0,0,0
Hawley,20000918,2,26,1,0,,,,,,,,,,,,,,,,,,,,,,,,,,,,,,
Hawley,20000918,3,43,1,0,,,,,,,,,,,,,,,,,,,,,,,,,,,,,,
Hawley,20000918,2,34,1,0,,,,,,,,,,,,,,,,,,,,,,,,,,,,,,
